Doc_ID,Tool_Canonical
AGO_001,In-house
ALB_001,LEAP
AND_001,In-house
ARE_001,IEM
ARG_001,LEAP
ARG_001,In-house
ARG_002,MESSAGE
ARG_002,TIMES
ARG_003,OptGen
ARM_001,LEAP
AUS_001,In-house
AUS_002,DISER
AUT_001,In-house
AUT_002,NEMO
AUT_002,TIMES
AUT_002,Climate pathways calculator for Austria
AUT_003,MIO-ES
AUT_003,Invert/EE
BEL_001,2050 pathways explorer
BEL_002,PRIMES
BEN_001,GEOSIM
BEN_001,GAP
BEN_001,DAP
BEN_002,WASP
BEN_002,NAP
BEN_002,GEOSIM
BEN_003,In-house
BGD_001,In-house
BGR_001,PRIMES
BGR_001,(B)EST
BGR_001,E3
BIH_001,LEAP
BIH_002,LEAP
BIH_003,Euro-Cordex
BIH_003,LISFLOOD
BLR_001,LEAP
BLR_001,PRIMES
BLZ_001,In-house
BLZ_002,EX-ACT
BOL_001,OptGen
BOL_001,SDDP
BRA_001,PLANEL
BRA_001,NEWAVE
BRA_001,MDI
BRA_001,PLANDEPE
BRA_001,MSR
BRA_001,In-house
BRA_002,SAM
BRB_001,In-house
BTN_001,In-house
BTN_002,GEM
BTN_002,DEM
BWA_001,MESSAGE
BWA_001,MAED
BWA_001,WASP
CAN_001,In-house
CAN_001,PyPSA
CAN_002,E3MC
CAN_002,EC-Pro
CAN_003,In-house
CAN_004,In-house
CAN_005,GCAM
CAN_005,EC-IAM
CAN_005,EC-MSMR
CHE_001,In-house
CHE_002,Prognos AG
CHE_002,INFRAS AG
CHE_002,TEP Energy
CHE_002,In-house
CHL_001,LEAP
CHL_001,In-house
CHL_002,National Emissions Foresight System
CHL_002,ARClim
CHL_003,LEAP
CHL_003,AMEBA
CHN_001,LEAP
CHN_001,ERI-EDO
CHN_001,CETPA
CMR_001,Logos
COL_001,LEAP
COL_002,GCAM
COL_002,MEG4C
COL_002,TIMES
COL_002,CAPRA
COL_003,In-house
COL_003,OptGen
COL_003,SDDP
COL_004,MACC
COL_004,MEC-H2
COL_005,LEAP
CPV_001,In-house
CRI_001,OptGen
CRI_001,SDDP
CRI_002,OSeMOSYS
CRI_003,OSeMOSYS
CRI_004,OptGen
CRI_004,SDDP
CYP_001,OSeMOSYS
CYP_002,OSeMOSYS
CZE_001,ALADIN/CLIMATE-CZ
CZE_001,EFOM-ENV
CZE_001,CO2
CZE_001,PRIMES
CZE_002,TIMES
CZE_002,PLEXOS
CZE_002,E3ME
CZE_002,DASMOD
DEU_001,ENUSEM
DEU_001,PowerFlex
DEU_001,TEMPS
DEU_001,LaWiEnMod
DEU_001,Invert/EE
DEU_001,FORECAST
DEU_001,In-house
DEU_002,Prognos AG
DEU_002,PANTA RHEI model
DEU_003,In-house
DEU_004,PowerFlex
DEU_004,FORECAST
DEU_004,Invert/EE
DEU_004,TEMPS
DEU_004,py-GAS-EM
DEU_004,TEMPS
DJI_001,WASP
DJI_001,In-house
DNK_001,Ramses
DNK_001,IntERACT
DNK_001,FREM
DNK_002,GreenREFORM
DNK_003,GreenREFORM
DNK_004,GreenREFORM
DOM_001,SDDP
DOM_001,TSL
DOM_001,DigSILENT Power Factory
ECU_001,SDDP
ECU_001,OptGen
EGY_001,In-house
ESP_001,TIMES
ESP_001,VEDA
ESP_001,M3E
ESP_001,SEI
ESP_001,DENIO
ESP_001,TM5-FASST
ESP_001,PLEXOS
ESP_002,TIMES
ESP_002,DENIO
ESP_002,M3E
ESP_002,TM5-FASST
ESP_003,DENIO
ESP_003,TM5-FASST
ESP_003,POTEnCIA
ESP_003,E3ME
ESP_003,TIMES
EST_001,ESDP 2030
ETH_001,GEM
FIN_001,TIMES
FIN_001,Finage
FIN_002,TIMES
FIN_003,PEIKKO
FJI_001,LEAP
FRA_001,NEMESIS
FRA_001,ThreeME
FRA_001,CGDD
FRA_001,Prometheus
FRA_002,Imaclim
FRA_002,Ademe
FRA_002,ThreeME
FRA_002,Prometheus
FRA_003,In-house
FRA_004,Prometheus
FRA_004,FIT
FRA_004,MENFIS
FRA_004,MODEV
FRA_004,CLIM'AGRI
FRA_004,MEDPRO
FRA_004,ThreeME
FSM_001,HOMER
FSM_001,In-house
GAB_001,MESSAGE
GAB_001,MAED
GBR_001,UK-TIMES
GBR_002,Energy Demand Model
GBR_002,Dynamic Dispatch Model
GBR_003,Energy Demand Model
GBR_003,UK-TIMES
GBR_004,Dynamic Dispatch Model
GEO_001,LEAP
GEO_001,PROSPECTS+
GEO_001,EX-ACT
GEO_001,IPCC Waste Model
GEO_002,TIMES
GEO_003,TIMES
GEO_003,EX-ACT
GEO_003,IPCC Waste Model
GHA_001,MESSAGE
GHA_001,LEAP
GHA_001,RETScreen
GHA_002,LEAP
GHA_003,In-house
GMB_001,LEAP
GMB_003,Reference Electrification Model
GNQ_001,In-house
GRC_001,TIMES
GRC_001,PRIMES
GTM_003,OptGen
GTM_003,SDDP
HND_001,MAED
HRV_001,MESSAGE
HRV_001,PLEXOS
HTI_001,MAED
HTI_001,WASP
HUN_001,TIMES
HUN_001,PRIMES
HUN_002,Green Economy Model
HUN_002,TIMES
HUN_003,TIMES
HUN_003,CASMOFOR
IDN_001,LEAP
IDN_001,Balmorel
IDN_002,AIM/EndUse
IDN_002,AIM-ExSS
IDN_003,LEAP
IDN_004,In-house
IND_001,In-house
IND_002,EGEAS
IND_003,ORDENA
IND_003,PLEXOS
IRL_001,PLEXOS
IRL_001,BioHEAT
IRL_001,COSMO
IRL_001,I3E
IRL_001,CGE
IRL_002,I3E
IRL_003,In-house
IRQ_001,PSSE
IRQ_001,WASP
IRQ_001,In-house
ISL_002,In-house
ITA_001,TIMES
ITA_001,TIMES and Emission tool
ITA_001,GTAP-GDyn-E
ITA_002,TIMES
ITA_002,sMTSIM
ITA_002,TIMES and Emission tool
ITA_002,GTAP-GDyn-E
ITA_002,ICES
ITA_002,Cosmo-CLM
ITA_003,PRIMES
ITA_003,TIMES
ITA_004,TIMES
JPN_001,In-house
KAZ_001,In-house
KEN_001,MAED
KEN_001,LIPS
KEN_001,PSSE
KGZ_001,DigSILENT Power Factory
KGZ_001,In-house
KHM_001,In-house
KHM_002,CEGIM
KIR_001,HOMER
KOR_002,In-house
KOR_003,GCAM-KAIST
LAO_001,PSSE
LBN_001,In-house
LBR_001,ECREEE Scenario Tool
LCA_001,HOMER
LIE_001,In-house
LKA_001,SDDP
LKA_001,OptGen
LKA_001,MAED
LKA_002,DEM
LSO_001,DigSILENT Power Factory
LTU_001,LEAP
LUX_001,STATEC NEAM
LUX_001,ThreeME
LUX_002,In-house
LVA_001,TIMES
LVA_002,MARKAL
LVA_003,MARKAL
MAR_001,In-house
MAR_002,In-house
MEX_001,In-house
MEX_001,Balmorel
MEX_002,MEDPRO
MEX_002,LEAP
MEX_002,RETScreen
MEX_002,SAM
MEX_003,In-house
MEX_003,PLEXOS
MEX_004,In-house
MHL_001,In-house
MHL_002,HOMER
MKD_001,MARKAL
MKD_002,MARKAL
MKD_002,Power2Sim
MKD_003,MARKAL
MKD_003,Power2Sim
MLI_001,In-house
MLT_001,PRIMES
MLT_002,Malta LCDS MACC model
MLT_003,SAMM
MMR_001,WASP
MOZ_001,WASP
MOZ_002,In-house
MUS_001,HOMER
MWI_001,In-house
MYS_001,In-house
MYS_002,In-house
MYS_003,In-house
NAM_001,PLEXOS
NAM_001,PROVIEW
NAM_002,In-house
NPL_002,MAED
NGA_001,MESSAGE
NGA_001,MAED
NGA_002,MAED
NGA_002,MESSAGE
NGA_003,LEAP
NLD_001,In-house
NLD_002,In-house
NOR_001,TIMES
NOR_001,TheMA
NOR_001,Samnett
NPL_001,LEAP
NZL_001,SADEM
NZL_001,GEM
NZL_001,PRM
NZL_002,SADEM
NZL_002,GEM
OMN_001,In-house
PAK_001,PLEXOS
PAK_002,In-house
PAN_001,OptGen
PAN_001,SDDP
PAN_002,DDPP
PER_001,SDDP
PER_001,OptGen
PER_001,TIMES
PHL_001,LEAP
PHL_001,PLEXOS
PHL_001,In-house
PHL_002,Simple E
PHL_002,LEAP
PHL_002,PLEXOS
PHL_003,MESSAGE
PHL_003,WASP
PLW_001,In-house
POL_001,In-house
PRT_001,LEAP
PRT_001,TIMES
PRT_002,TIMES
PRY_001,SDDP
PRY_001,OSeMOSYS
PRY_002,NERC Excel
PRY_002,MESSAGE
ROU_001,LEAP
RUS_001,TIMES
RUS_003,In-house
RWA_001,MAED
RWA_001,MESSAGE
SDN_001,In-house
SEN_001,In-house
SYC_001,HOMER
SGP_001,In-house
SLB_001,LEAP
SLV_001,SDDP
SLV_001,TSL
SLV_001,OptGen
SLV_002,In-house
SMR_001,DEM
SLB_002,PDPAT-II
SOM_001,In-house
SRB_001,SEMS
SRB_001,MANAGE
SRB_001,ANTARES
SRB_002,GEM-E3
SRB_002,PRIMES
SRB_002,CAPRI
LKA_003,GEM
STP_001,LEAP
SVK_001,PRIMES
SVK_001,ENVISAGE
SVK_001,DCarb2
SVK_002,CPS model Slovakia
SVK_002,ENVISAGE
SVN_001,GreenMod
SVN_001,REES-SLO
SVN_002,REES-SLO
SVN_002,GEM-E3
SVN_002,GreenMod
SVN_002,PRIMES
SVN_003,GreenMod
SWE_001,TIMES
SWE_001,EMEC
SWE_002,TIMES
SWE_003,TIMES
SWZ_001,SPLAT
SWZ_001,LEAP
TCD_001,In-house
THA_001,AIM
THA_001,AIM
THA_002,AIM/EndUse
THA_002,AIM
THA_003,In-house
THA_004,In-house
TJK_001,In-house
TLS_001,In-house
TON_001,In-house
TON_002,In-house
TUN_001,EnerMED
TUN_002,ThreeME
TUR_001,PRIMES
TUR_001,In-house
TZA_001,WASP
TZA_001,PSSE
UGA_002,PSSE
UKR_001,TIMES
UKR_002,TIMES
URY_001,CMIP
URY_001,MCG
URY_002,LEAP
URY_003,LEAP
URY_003,MAED
USA_002,GCAM
USA_002,OP-NEMS
USA_002,In-house
USA_003,NEMS
UZB_001,PLEXOS
VCT_001,In-house
VUT_002,In-house
YEM_001,In-house
ZAF_002,PLEXOS
ZAF_003,OSeMOSYS
ZAF_004,PLEXOS
ZAF_005,PLEXOS
ZAF_005,In-house
ZAF_006,PLEXOS
ZAF_006,Price Path Model
ZMB_001,DigSILENT Power Factory
ZWE_001,In-house
ZWE_002,WASP
