Doc_ID,Country,ISO_code,Region,Document_Type,Planning_Document,Publishing_Institution,Publication_Year,Planning_Horizon,Update_Frequency_Years,Update_Frequency_Display,Sectoral_Scope,Scope_Energy_System,Scope_Demand_Assessment,Scope_Power_Capacity_Expansion,Is_Latest_In_Series,Validated_by_Country,Link
AGO_001,Angola,AGO,Southern Africa,LTES,Angola Power Sector Long-term Vision 2025,Ministry of Energy and Water,2016,2015-2025,,As needed,"Energy, Electricity & Additional sectors",TRUE,TRUE,TRUE,TRUE,FALSE,https://gestoenergy.com/wp-content/uploads/2018/04/ANGOLA-POWER-SECTOR-LONG-TERM-VISION.pdf
ALB_001,Albania,ALB,Southeast Europe,LTES,Energy Strategy for Albania (2017-2030),Ministry of Energy and Industry,2017,2017-2030,,As needed,"Energy, Electricity & Additional sectors",TRUE,TRUE,TRUE,TRUE,FALSE,https://www.semp-albania.com/wp-content/uploads/2020/11/AlbanianEnergyStrategy_NewOutline_Final-Draft_March-2118_CLEAN.pdf
AND_001,Andorra,AND,Western Europe,LT-LEDS,Long-Term Strategy on Energy and Climate Change,"Oficina de l'Energia i del Canvi Climàtic/Agency of Energy and Climate Change, Ministry of the Environment, Agriculture and Sustainability",2021,2020-2050,6,6,"Energy, Electricity & Additional sectors",TRUE,TRUE,TRUE,TRUE,FALSE,https://unfccc.int/documents/310712
ARE_001,United Arab Emirates,ARE,Middle East,LT-LEDS,The United Arab Emirates First Long-Term Strategy: Demonstrating Commitment to Net Zero by 2050,Ministry of Climate Change and Environment,2023,2020-2050,,As needed,"Energy, Electricity & Additional sectors",TRUE,TRUE,TRUE,TRUE,FALSE,https://unfccc.int/documents/636722
ARG_001,Argentina,ARG,South America,LTES,Energy Scenarios Argentina 2040: Commonalities and divergences about the future of energy in Argentina,Ministry of Finance,2018,2030-2040,,As needed,Energy & Electricity,TRUE,TRUE,TRUE,TRUE,FALSE,https://www.ceare.org/investigaciones/inv2018_1.pdf
ARG_002,Argentina,ARG,South America,LTES,Escenarios Energéticos 2030,Ministro de Hacienda,2019,2018-2030,,,Energy & Electricity,TRUE,TRUE,TRUE,TRUE,FALSE,http://www.energia.gob.ar/contenidos/archivos/Reorganizacion/planeamiento/2019-11-14_SsPE-SGE_Documento_Escenarios_Energeticos_2030_ed2019_pub.pdf
ARG_003,Argentina,ARG,South America,LTES,Energy Transition Plan for 2030 and the Guidelines and Scenarios for 2050,"Ministry of Economy, Secretariat of Energy",2023,2020-2050,,As needed,"Energy, Electricity & Additional sectors",TRUE,TRUE,TRUE,TRUE,FALSE,https://www.boletinoficial.gob.ar/detalleAviso/primera/289827/20230707
ARM_001,Armenia,ARM,Southeast Europe,LT-LEDS,Long-Term Low Greenhouse Gas Emission Development Strategy,Ministry of Environment,2024,2024-2050,,As needed,"Energy, Electricity & Additional sectors",TRUE,TRUE,TRUE,TRUE,FALSE,https://unfccc.int/documents/637092
AUS_001,Australia,AUS,Oceania,LTES,2022 Integrated System Plan,Australian Energy Market Operator (AEMO),2022,2022-2050,2,2,Energy & Electricity,TRUE,TRUE,TRUE,TRUE,TRUE,https://aemo.com.au/-/media/files/major-publications/isp/2022/2022-documents/2022-integrated-system-plan-isp.pdf?la=en
AUS_002,Australia,AUS,Oceania,LT-LEDS,Australia's Long Term Emissions Reduction Plan,"Department of Industry, Science, Energy and Resources",2021,2020-2050,5,5,"Energy, Electricity & Additional sectors",TRUE,TRUE,TRUE,TRUE,TRUE,https://www.industry.gov.au/sites/default/files/October%202021/document/australias-long-term-emissions-reduction-plan.pdf
AUT_001,Austria,AUT,Western Europe,LTES,Integrated National Energy and Climate Plan for Austria,Federal Ministry of Sustainability and Tourism,2019,2021-2030,2,2,"Energy, Electricity & Additional sectors",TRUE,TRUE,TRUE,FALSE,TRUE,https://energy.ec.europa.eu/system/files/2020-03/at_final_necp_main_en_0.pdf
AUT_002,Austria,AUT,Western Europe,LT-LEDS,Long-term strategy 2050 - Austria,Federal Ministry for Climate Protection,2019,2020-2050,5,5,Energy & Additional sectors,TRUE,TRUE,FALSE,TRUE,TRUE,https://www.bmk.gv.at/themen/klima_umwelt/klimaschutz/nat_klimapolitik/energie_klimaplan.html
AUT_003,Austria,AUT,Western Europe,LTES,Integrated National Energy and Climate Plan for Austria,"Ministry for Climate Protection, Environment, Energy, Mobility, Innovation and Technology",2024,2021-2030,5,5,"Energy, Electricity & Additional sectors",TRUE,TRUE,TRUE,TRUE,TRUE,https://www.bmk.gv.at/themen/klima_umwelt/klimaschutz/nat_klimapolitik/energie_klimaplan.html
BEL_001,Belgium,BEL,Western Europe,LTES,Scenarios for a climate neutral Belgium by 2050,"Federal Public Service Health, Food Chain Safety and the Environment",2021,2020-2050,,,Energy,TRUE,TRUE,FALSE,TRUE,TRUE,https://klimaat.be/doc/climate-neutral-belgium-by-2050-report.pdf
BEL_002,Belgium,BEL,Western Europe,LTES,National Energy and Climate Plan,National Climate Commission,2019,2021-2030,2,2,"Energy, Electricity & Additional sectors",TRUE,TRUE,TRUE,TRUE,TRUE,https://energy.ec.europa.eu/system/files/2020-09/be_final_necp_parta_en_0.pdf
BEN_001,Benin,BEN,West Africa,LTES,Plan directeur de développement du sous-secteur de l'électricité horizon 2045,Ministère de l’Energie,2022,2020-2045,,,Electricity & Additional sectors,FALSE,TRUE,TRUE,TRUE,FALSE,
BEN_002,Benin,BEN,West Africa,LTES,Plan Directeur de Développement du Sous-secteur de l'Energie Electrique au Benin,"Ministère de l'Énergie, de l'Eau et des Mines (MEEM)",2016,2014-2035,,,Electricity,FALSE,TRUE,TRUE,FALSE,FALSE,https://rise.esmap.org/data/files/library/benin/Renewable%20Energy/RE%208.1%20Document%20Synth%C3%A8se%20Plan%20Directeur%20Secteur%20Electricit%C3%A9%20(VFP).pdf
BEN_003,Benin,BEN,West Africa,LT-LEDS,"Strategy for low-carbon, climate-resilient development",Ministry For The Environment And Sustainable Development: Directorate General For Climate Change,2016,2016-2025,,As needed,Energy & Additional sectors,TRUE,TRUE,FALSE,TRUE,FALSE,https://unfccc.int/files/focus/long-term_strategies/application/pdf/benin_long-term_strategy.pdf
BGD_001,Bangladesh,BGD,South Asia,LTES,Energy Scenario of Bangladesh 2022-23,"Ministry of Power, Energy and Mineral Resource (Energy and Mineral Resources Division)",2024,2022-2023,,As needed,"Energy, Electricity & Additional sectors",TRUE,TRUE,TRUE,TRUE,FALSE,http://www.hcu.org.bd/sites/default/files/files/hcu.portal.gov.bd/publications/ae775b7e_b63d_491d_81e4_b317ff8e11ca/2024-12-09-05-53-f275ef442e3936f3d89bcb491c84106f.pdf
BGR_001,Bulgaria,BGR,Southeast Europe,LTES,Integrated National Energy and Climate Plan,Ministry of Energy & Ministry of Environment and Water,2019,2021-2030,2,2,"Energy, Electricity & Additional sectors",TRUE,TRUE,TRUE,TRUE,FALSE,https://energy.ec.europa.eu/system/files/2020-06/bg_final_necp_main_en_0.pdf
BIH_001,Bosnia & Herzegovina,BIH,Southeast Europe,LTES,Integrated Energy and Climate Plan,Ministry of Foreign Trade and Economic Relations,2024,2022-2050,5,5,"Energy, Electricity & Additional sectors",TRUE,TRUE,TRUE,TRUE,TRUE,https://www.energy-community.org/dam/jcr:fffa65bf-d137-454d-aad7-992eee783af6/NECP%20BiH%20v.7_ENG.pdf
BIH_002,Bosnia and Herzegovina,BIH,Southeast Europe,LTES,Integrated Energy and Climate Plan of Bosnia and Herzegovina up to 2030 (NECP) (in the process of drafting),Ministry of Foreign Trade and Economic Relations of Bosnia and Herzegovina (MoFTER),2022,2022-2030,10,10,Energy & Electricity,TRUE,TRUE,TRUE,FALSE,TRUE,
BIH_003,Bosnia and Herzegovina,BIH,Southeast Europe,LT-LEDS,Climate Change Adaptation and Low-Emission Development Strategy,"Ministry of Foreign Trade and Economic Relations of Bosnia and Herzegovina & Ministry of Spatial Planning, Civil Engineering and Ecology of the Republika Srpska",2020,2020-2030,,As needed,"Energy, Electricity & Additional sectors",TRUE,TRUE,TRUE,TRUE,TRUE,https://unfccc.int/sites/default/files/resource/ENG_CC%20adaptation%20and%20Low%20emission%20development%20Strategy%20BiH%202020-2030.pdf
BLR_001,Belarus,BLR,Southeast Europe,LTES,National Energy Efficiency Action Plan (NEEAP) for Belarus,Ministry of Energy (Department for Energy Efficiency (DEE) of the State Committee for Standardization,2020,2020-2030,,As needed,"Energy, Electricity & Additional sectors",TRUE,TRUE,FALSE,TRUE,FALSE,https://energoeffect.gov.by/downloads/cooperation/202005_plan_enviros_engl.pdf
BLZ_001,Belize,BLZ,Central America,LTES,Sustainable Energy Strategy,"Ministry of Energy, Science, Technology, and Public Utilities",2015,2014 - 2033,,,"Energy, Electricity & Additional sectors",TRUE,TRUE,TRUE,TRUE,FALSE,https://www.energy.gov.bz/assets/pdfs/policies/Belize%20Sust%20Energy%20Strategy%20Final%20(Vol%201).pdf
BLZ_002,Belize,BLZ,Central America,LT-LEDS,Low Emissions Development Strategy and Action Plan: Belize,"Ministry of Sustainable Development, Climate Change and Disaster Risk Management",2023,2020-2050,5,5,"Energy, Electricity & Additional sectors",TRUE,TRUE,TRUE,TRUE,FALSE,https://unfccc.int/documents/628056
BOL_001,Bolivia,BOL,South America,LTES,Plan Eléctrico del Estado Plurinacional de Bolivia 2025,Ministerio de Hidrocarburos y Energia,2014,2013-2025,,,Electricity,FALSE,FALSE,TRUE,TRUE,FALSE,https://observatorioccdbolivia.files.wordpress.com/2015/08/peebol2025.pdf
BRA_001,Brazil,BRA,South America,LTES,National Energy Plan 2050,Ministry of Mines and Energy (MME) and EPE,2020,2015-2050,5,5,Energy & Electricity,TRUE,TRUE,TRUE,TRUE,TRUE,https://www.epe.gov.br/pt/publicacoes-dados-abertos/publicacoes/Plano-Nacional-de-Energia-2050
BRA_002,Brazil,BRA,South America,LTES,Ten Year Expansion Plan (PDE) 2031,Ministry of Mines and Energy,2021,2021-2031,10,10,"Energy, Electricity & Additional sectors",TRUE,TRUE,TRUE,TRUE,FALSE,https://www.epe.gov.br/sites-en/publicacoes-dados-abertos/publicacoes/Paginas/PDE-2031---English-Version.aspx
BRB_001,Barbados,BRB,Caribbean Islands,LTES,Barbados’ National Energy Policy 2017-2037,Prime Minster's Office (Division of Energy and Telecommunications),2017,2017-2037,5,5,"Energy, Electricity & Additional sectors",TRUE,TRUE,TRUE,TRUE,FALSE,https://www.greenpolicyplatform.org/sites/default/files/downloads/policy-database//BARBADOS%29%20Barbados%20National%20Energy%20Policy%20%282017-2037%29.pdf
BTN_001,Bhutan,BTN,South Asia,LT-LEDS,Bhutan’s Long-Term Low Greenhouse Gas Emission and Climate Resilient Development Strategy (LTS),"Ministry of Energy and Natural Resources, Department of Environment and Climate Change",2023,2020-2050,,As needed,"Energy, Electricity & Additional sectors",TRUE,TRUE,TRUE,TRUE,FALSE,https://unfccc.int/sites/default/files/resource/LTS%20Report_final%20print_copy.pdf
BTN_002,Bhutan,BTN,South Asia,LTES,Power System Master Plan 2040,"Ministry of Economic Affairs (MOEA), Department of Hydropower & Power Systems (DHPS)",2019,2020-2040,,As needed,Electricity & Additional sectors,FALSE,TRUE,TRUE,TRUE,FALSE,https://openjicareport.jica.go.jp/pdf/12326856_01.pdf
BWA_001,Botswana,BWA,Southern Africa,LTES,National Development Plan 11,Government of Botswana,2017,2017-2023,,As needed,Energy,TRUE,FALSE,FALSE,TRUE,FALSE,http://extwprlegs1.fao.org/docs/pdf/bot175398.pdf
BWA_002,Botswana,BWA,Southern Africa,LTES,Integrated Resource Plan for Electricity for Botswana,Republic of Botswana,2020,2016-2040,,,Electricity,FALSE,TRUE,TRUE,TRUE,FALSE,http://www.bera.co.bw/downloads/Electricity/Abridged%20IRP%20Report%20Botswana%2016%20November%202020.pdf
CAN_001,Canada,CAN,North America,LTES,Canada's Energy Future 2021,Canada Energy Regulator,2021,2020-2050,1,1,Energy & Electricity,TRUE,TRUE,TRUE,FALSE,TRUE,https://www.cer-rec.gc.ca/en/data-analysis/canada-energy-future/2021/
CAN_002,Canada,CAN,North America,LTES,"2030 Emissions Reduction Plan: Clean Air, Strong Economy",Environment and Climate Change Canada,2022,2020-2030,1,1,Energy & Electricity,TRUE,TRUE,TRUE,TRUE,TRUE,https://www.canada.ca/en/services/environment/weather/climatechange/climate-plan/climate-plan-overview/emissions-reduction-2030.html
CAN_003,Canada,CAN,North America,LTES,Powering Canada’s Future: A Clean Electricity Strategy,Natural Resources Canada,2024,2020-2050,3,3,Electricity,FALSE,TRUE,TRUE,TRUE,FALSE,https://natural-resources.canada.ca/energy-sources/powering-canada-s-future-clean-electricity-strategy
CAN_004,Canada,CAN,North America,LTES,Canada Energy Futures 2023,Canada Energy Regulator,2023,2024-2050,1,1,"Energy, Electricity & Additional sectors",TRUE,TRUE,TRUE,TRUE,TRUE,https://www.cer-rec.gc.ca/en/data-analysis/canada-energy-future/2023/canada-energy-futures-2023.pdf
CAN_005,Canada,CAN,North America,LT-LEDS,Exploring Approaches for Canada’s Transition to Net-Zero Emissions,Environment and Climate Change Canada,2022,2022-2050,,As needed,"Energy, Electricity & Additional sectors",TRUE,TRUE,TRUE,TRUE,TRUE,https://unfccc.int/sites/default/files/resource/LTS%20Full%20Draft_Final%20version_oct31.pdf
CHE_001,Switzerland,CHE,Western Europe,LT-LEDS,Switzerland's Long-Term Climate Strategy,Swiss Federal Office of Energy,2021,2020-2060,5,5,"Energy, Electricity & Additional sectors",TRUE,TRUE,TRUE,TRUE,TRUE,https://unfccc.int/sites/default/files/resource/LTS1_Switzerland.pdf
CHE_002,Switzerland,CHE,Western Europe,LTES,Energy Perspectives 2050+,Swiss Federal Office of Energy,2021,2021-2060,,As needed,"Energy, Electricity & Additional sectors",TRUE,TRUE,TRUE,TRUE,TRUE,https://www.prognos.com/de/projekt/energieperspektiven-schweiz-2050
CHL_001,Chile,CHL,South America,LTES,Carbono Neutralidad en el Sector Energia,Ministry of Energy,2020,2020-2050,5,5,Energy & Electricity,TRUE,TRUE,TRUE,TRUE,TRUE,https://energia.gob.cl/sites/default/files/pagina-basica/informe_resumen_cn_2019_v07.pdf
CHL_002,Chile,CHL,South America,LT-LEDS,Chile's Long-Term Climate Strategy,Ministry of Environment,2021,2020-2050,10,10,"Energy, Electricity & Additional sectors",TRUE,TRUE,TRUE,TRUE,TRUE,https://unfccc.int/sites/default/files/resource/CHL_LTS_2021_EN_0.pdf
CHL_003,Chile,CHL,South America,LTES,Long Term Energy Plan (PELP) 2023-2027,Ministry of Energy,2021,2023-2027,5,5,"Energy, Electricity & Additional sectors",TRUE,TRUE,TRUE,TRUE,TRUE,https://energia.gob.cl/sites/default/files/documentos/definitive_report_pelp_2023-2027.pdf
CHN_001,Peoples Republic of China,CHN,Northeast Asia,LTES,China Energy Transformation Outlook 2024,Energy Research Institute of the Chinnese Academy of Macroeconomic Research,2024,2024-2060,1,1,"Energy, Electricity & Additional sectors",TRUE,TRUE,TRUE,TRUE,FALSE,https://www.cet.energy/2025/02/12/china-energy-transformation-outlook-2024-%e4%b8%ad%e5%9b%bd%e8%83%bd%e6%ba%90%e8%bd%ac%e5%9e%8b%e5%b1%95%e6%9c%9b2024-ceto24/
CIV_001,Côte d'Ivoire,CIV,West Africa,LTES,Plan Directeur des Ouvrages de Production et de Transport d'Energie Electrique de la Côte d'Ivoire pour la période 2014-2030,Côte d'Ivoire Energies (CI-Energies),2014,2014-2030,,,Energy & Electricity,FALSE,FALSE,FALSE,TRUE,FALSE,https://rise.esmap.org/data/files/library/c%C3%B4te-d'ivoire/RE/RE_8_2Plan%20Directeur%20Production%20et%20transport%20Energie-Resume.pdf
CMR_001,Cameroon,CMR,Central Africa,LTES,Assistance au Ministère de l’Energie et de l'Eau dans l’elaboration du Plan de Development long terme du Secteur de l’electricite Horizon 2030 (PDSE 2030),Ministère de l'Énergie et de l'Eau,2006,2008-2030,,,Electricity,FALSE,TRUE,TRUE,TRUE,FALSE,https://minepded.gov.cm/wp-content/uploads/2021/09/PDSE_2030_Vol.1-Rapport_final_Juillet06_defA_2.pdf
COL_001,Colombia,COL,South America,LTES,Plan Energético Nacional 2020-2050,Ministry of Mines and Energy,2020,2020-2050,5,5,Energy & Electricity,TRUE,TRUE,TRUE,TRUE,TRUE,https://www1.upme.gov.co/DemandayEficiencia/Documents/PEN_2020_2050/Plan_Energetico_Nacional_2020_2050.pdf
COL_002,Colombia,COL,South America,LT-LEDS,E2050 Colombia. Estrategia climática de largo plazo de Colombia E2050 para cumplir con el Acuerdo de París,Ministry of Environment and Sustainable Development (MinAmbiente) & National Planning Department (DNP),2021,2015-2050,,As needed,"Energy, Electricity & Additional sectors",TRUE,TRUE,TRUE,TRUE,TRUE,https://unfccc.int/sites/default/files/resource/COL_LTS_Nov2021.pdf
COL_003,Colombia,COL,South America,LTES,Plan De Expansión De Referencia Generación Transmisión,Unidad de Planeación Minero Energética (UPME),2015,2015-2029,,,Energy & Electricity,TRUE,TRUE,TRUE,TRUE,FALSE,http://www1.upme.gov.co/Energia_electrica/Planes-expansion/Plan-Expansion-2015-2029/Plan_GT_2015-2029_VF_22-12-2015.pdf
COL_004,Colombia,COL,South America,LTES,National Energy Plan 2022-2052,Ministry of Mines and Energy,2024,2022-2052,,As needed,"Energy, Electricity & Additional sectors",TRUE,TRUE,TRUE,TRUE,TRUE,https://www1.upme.gov.co/DemandayEficiencia/Paginas/PEN-2052.aspx
COL_005,Colombia,COL,South America,LTES,Actualización Plan Energético Nacional (PEN) 2022- 2052,Mining and Energy Planning Unit (UPME) in Ministry of Energy and Mines,2023,2023-2052,2,2,"Energy, Electricity & Additional sectors",TRUE,TRUE,TRUE,TRUE,TRUE,https://www1.upme.gov.co/DemandayEficiencia/Documents/PEN_2022_2052/PEN_2022_2052_Tomo1_VF.pdf
CPV_001,Cape Verde,CPV,West Africa,LTES,Cape Verde 50% Renewables: A roadmap to 2020,"Ministry of Tourism, Industry and Energy",2011,2011-2020,,As needed,"Energy, Electricity & Additional sectors",FALSE,TRUE,TRUE,TRUE,FALSE,https://gestoenergy.com/wp-content/uploads/2018/04/MASTER-PLAN-CAPE-VERDE-50-RENEWBALE.pdf
CRI_001,Costa Rica,CRI,Central America,LTES,Electricity Generation Expansion Plan 2020-2035,Instituto Costarricense de Electricidad,2021,2020-2035,2,2,Energy & Electricity,FALSE,TRUE,TRUE,TRUE,TRUE,https://www.grupoice.com/wps/portal/ICE/electricidad/proyectos-energeticos/plan-de-expansion
CRI_002,Costa Rica,CRI,Central America,LTES,7th National Energy Plan 2015-2030,Secretaría de Planificación del Subsector Energía / Ministerio de Ambiente y Energía,2015,2015-2030,4,4,Electricity & Additional sectors,FALSE,FALSE,FALSE,TRUE,TRUE,https://www.cambioclimatico.go.cr/wp-content/uploads/2018/08/VII_Plan_Nacional_de_Energia_2015-2030.pdf
CRI_003,Costa Rica,CRI,Central America,LT-LEDS,National Decarbonization Plan 2018-2050,Ministry of Environment and Energy & Climate Change Directorate,2018,2018-2050,,As needed,,TRUE,TRUE,TRUE,TRUE,TRUE,https://unfccc.int/sites/default/files/resource/NationalDecarbonizationPlan.pdf
CRI_004,Costa Rica,CRI,Central America,LTES,Generation Expansion Plan Electricity 2022-2040,Costa Rican Electricity Institute / Grupo ICE,2023,2022-2040,2,2,Electricity,TRUE,TRUE,TRUE,TRUE,FALSE,https://www.grupoice.com/wps/wcm/connect/741c8397-09f0-4109-a444-bed598cb7440/PEG+2022-2040+versi%C3%B3n+final.pdf?MOD=AJPERES&CVID=oLtHPgv
CYP_001,Cyprus,CYP,Southeast Europe,LTES,Cyprus’ Integrated National Energy and Climate Plan,"Department of Environment, Republic of Cyprus",2020,2021-2030,3,3,Energy & Electricity,TRUE,TRUE,TRUE,TRUE,TRUE,https://energy.ec.europa.eu/system/files/2020-01/cy_final_necp_main_en_0.pdf
CYP_002,Cyprus,CYP,Southeast Europe,LT-LEDS,Long-term low GHG emission development strategy,"Ministry of Agriculture, Rural Development and Environment, Department of Environment",2022,2020-2050,5,5,"Energy, Electricity & Additional sectors",TRUE,TRUE,TRUE,TRUE,FALSE,https://unfccc.int/documents/626523
CZE_001,Czech Republic,CZE,Western Europe,LT-LEDS,Climate protection policy of the Czech Republic: Executive summary,Ministry of Environment,2018,2015-2050,,As needed,"Energy, Electricity & Additional sectors",TRUE,TRUE,TRUE,TRUE,FALSE,https://unfccc.int/files/na/application/pdf/cze_climate_protection_policy_summary.pdf
CZE_002,Czech Republic,CZE,Western Europe,LTES,Update of the Czech National Plan of the Republics in the field of energy and climate,Ministry of Industry and Trade,2023,2030 - 2050,2,2,"Energy, Electricity & Additional sectors",TRUE,TRUE,FALSE,TRUE,FALSE,https://commission.europa.eu/system/files/2023-10/Czech%20Draft%20Updated%20NECP%202021%202030_en.pdf
DEU_001,Germany,DEU,Western Europe,LTES,Projektionsbericht 2021,German Environment Agency (UBA),2021,2020-2040,2,2,Energy & Electricity,TRUE,TRUE,TRUE,TRUE,TRUE,https://www.umweltbundesamt.de/sites/default/files/medien/372/dokumente/projektionsbericht_2021_uba_website.pdf
DEU_002,Germany,DEU,Western Europe,LTES,Integrated National Energy and Climate Plan,Federal Ministry of Economic Affairs and Climate Action (formerly Federal Ministry of Economic Affairs and Energy),2020,2021-2040,5,5,Energy & Electricity,TRUE,TRUE,TRUE,FALSE,TRUE,https://energy.ec.europa.eu/system/files/2020-07/de_final_necp_main_en_0.pdf background scenario study: https://www.bmwk.de/Redaktion/DE/Publikationen/Industrie/energiewirtschaftliche-projektionen-und-folgeabschaetzungen-2030-2050.html (scenario 3 from the study was used for the NECP)
DEU_003,Germany,DEU,Western Europe,LTES,Integrated National Energy and Climate Plan,Federal Ministry for Economic Affairs and Climate Action (BMWK),2024,2021-2030,10,10,"Energy, Electricity & Additional sectors",TRUE,TRUE,TRUE,TRUE,TRUE,https://commission.europa.eu/document/download/cd8ba2d6-1af6-4f37-aa07-059989bb1264_en?filename=GERMANY%E2%80%93FINAL_UPDATED_NECP_2021-2030_%28ENGLISH%29.pdf
DEU_004,Germany,DEU,Western Europe,LTES,Projection report 2024,Federal Environment Agency,2024,2024-2050,1,1,"Energy, Electricity & Additional sectors",TRUE,TRUE,TRUE,TRUE,TRUE,https://www.umweltbundesamt.de/sites/default/files/medien/11850/publikationen/projektionen_technischer_anhang_0.pdf
DJI_001,Djibouti,DJI,Eastern Africa,LTES,"Least Cost Electricity Master Plan, Djibouti",Ministry of Energy and Natural Resources & Electricité de Djibouti (EdD),2009,2009-2035,,As needed,Electricity,FALSE,TRUE,TRUE,TRUE,FALSE,https://documents1.worldbank.org/curated/en/105971468246585805/pdf/692030v10ESW0P0lume0100Final0Report.pdf
DNK_001,Denmark,DNK,Western Europe,LTES,Denmark's Climate Status and Outlook,Danish Energy Agency,2022,2020-2035,1,1,,TRUE,TRUE,FALSE,TRUE,TRUE,https://ens.dk/en/our-services/projections-and-models/denmarks-energy-and-climate-outlook
DNK_002,Denmark,DNK,Western Europe,LTES,Final update of Denmark’s National Energy and Climate Plan for the period 2021-2030,"Minister for Climate, Energy and Utilities",2024,2021-2030,10,10,"Energy, Electricity & Additional sectors",TRUE,TRUE,TRUE,TRUE,FALSE,https://commission.europa.eu/document/download/13353c72-43bc-486e-bc82-9e8ea7588734_en?filename=DK_FINAL%20UPDATED%20NECP%202021-2030%20%28English%29.pdf
DNK_003,Denmark,DNK,Western Europe,LT-LEDS,"Climate Programme 2020: Denmark’s Mid-century, Long-term Low Greenhouse Gas Emission Development Strategy","Danish Ministry of Climate, Energy and Utilities",2020,2020-2050,,As needed,"Energy, Electricity & Additional sectors",TRUE,TRUE,TRUE,TRUE,FALSE,https://unfccc.int/sites/default/files/resource/ClimateProgramme2020-Denmarks-LTS-under-the%20ParisAgreement_December2020_.pdf
DNK_004,Denmark,DNK,Western Europe,LTES,Climate Status and Outlook 2024,"Ministy for Climate, Energy and Utilities",2024,2024-2035,1,1,"Energy, Electricity & Additional sectors",TRUE,TRUE,FALSE,TRUE,FALSE,https://www.kefm.dk/klima/klimastatus-og-fremskrivning/klimastatus-og-fremskrivning-2024
DOM_001,Dominican Republic,DOM,Caribbean Islands,LTES,Plan Energético Nacional 2022-2036 (PEN),"Comisión Nacional de Energía (CNE), Ministerio de Energía y Minas (MEM)",2022,2022-2036,15,15,Energy & Electricity,TRUE,TRUE,TRUE,TRUE,TRUE,Link PEN 2022-2036
ECU_001,Ecuador,ECU,South America,LTES,Plan Maestro de Electricidad,Ministerio de Energia y Recursos Naturales No Renovables,2021,2018-2027,,,Electricity,FALSE,TRUE,TRUE,TRUE,FALSE,https://www.recursosyenergia.gob.ec/plan-maestro-de-electricidad/
EGY_001,Egypt,EGY,North Africa,LTES,Egypt’s 2050 National Climate Change Strategy,Ministry of Environment,2024,2020-2035,,As needed,"Energy, Electricity & Additional sectors",TRUE,FALSE,TRUE,TRUE,FALSE,https://www.eeaa.gov.eg/Uploads/Topics/Files/20221206130720583.pdf
ESP_001,Spain,ESP,Western Europe,LTES,Integrated National Energy and Climate Plan 2021-2030,Ministry for the Ecological Transition and the Demographic Challenge,2021,2021-2030,10,10,Energy & Electricity,TRUE,TRUE,TRUE,TRUE,TRUE,https://www.boe.es/buscar/doc.php?id=BOE-A-2021-5106
ESP_002,Spain,ESP,Western Europe,LTES,Integrated National Energy and Climate Plan,Ministry for the Green Transition and the Demographic Challenge,2024,2023-2030,10,10,"Energy, Electricity & Additional sectors",TRUE,TRUE,TRUE,TRUE,TRUE,https://commission.europa.eu/document/download/211d83b7-b6d9-4bb8-b084-4a3bfb4cad3e_en?filename=ES%20-%20FINAL%20UPDATED%20NECP%202021-2030%20%28English%29.pdf
ESP_003,Spain,ESP,Western Europe,LT-LEDS,Long-term Decarbonization Strategy 2050,Ministry of Ecological Transition and the Demographic Challenge,2020,2020-2050,5,5,"Energy, Electricity & Additional sectors",TRUE,TRUE,TRUE,TRUE,TRUE,https://unfccc.int/sites/default/files/resource/LTS1_Spain_0.pdf
EST_001,Estonia,EST,Eastern Europe,LTES,Estonia’s 2030 National Energy and Climate Plan,Ministry of Economic Affairs and Communications & Ministry of the Environment and the Ministry of Rural Affairs,2019,2021-2030,2,2,"Energy, Electricity & Additional sectors",TRUE,TRUE,TRUE,TRUE,FALSE,https://energy.ec.europa.eu/system/files/2022-08/ee_final_necp_main_en.pdf
ETH_001,Ethiopia,ETH,Eastern Africa,LT-LEDS,Ethiopia's long term low emission and climate resilient development strategy (2020-2050),Ministry of Planning and Development,2023,2020-2050,,As needed,"Energy, Electricity & Additional sectors",TRUE,TRUE,TRUE,TRUE,FALSE,https://unfccc.int/documents/630312
FIN_001,Finland,FIN,Western Europe,LTES,Carbon neutral Finland 2035,VTT Technical Research Centre of Finland Ltd,2020,2020-2050,4,4,Energy & Electricity,TRUE,TRUE,TRUE,TRUE,TRUE,http://urn.fi/URN:ISBN:978-952-327-843-1
FIN_002,Finland,FIN,Western Europe,LT-LEDS,Finland’s long-term low greenhouse gas emission development strategy,Ministry of Economic Affairs and Employment of Finland,2020,2017-2050,,As needed,"Energy, Electricity & Additional sectors",TRUE,TRUE,TRUE,TRUE,TRUE,https://unfccc.int/sites/default/files/resource/LTS_Finland_Oct2020.pdf
FIN_003,Finland,FIN,Western Europe,LTES,Finland’s Integrated National Energy and Climate Plan Update,Ministry of Economic Affairs and Employment Energy,2024,2021-2030,10,10,"Energy, Electricity & Additional sectors",TRUE,TRUE,TRUE,TRUE,FALSE,https://commission.europa.eu/document/download/069886e9-7a50-4df1-b523-9eb7bf7308c3_en?filename=FI_FINAL%20UPDATED%20NECP%202021-2030%20%28English%29.pdf
FJI_001,Fiji,FJI,Pacific Islands,LT-LEDS,Fiji's Low Emission Development Strategy 2018-2050,Ministry of Economy (Climate Change and International Cooperation Division),2018,2018-2050,,As needed,"Energy, Electricity & Additional sectors",TRUE,TRUE,TRUE,TRUE,TRUE,https://unfccc.int/sites/default/files/resource/Fiji_Low%20Emission%20Development%20%20Strategy%202018%20-%202050.pdf
FRA_001,France,FRA,Western Europe,LT-LEDS,National Low Carbon Strategy,Ministère de la transition écologique et solidaire (Ministry for an ecological and inclusive transition),2020,2015-2050,5,5,Energy & Additional sectors,TRUE,TRUE,FALSE,TRUE,FALSE,https://www.ecologie.gouv.fr/sites/default/files/en_SNBC-2_summary.pdf
FRA_002,France,FRA,Western Europe,LTES,Integrated National Energy and Climate Plan for France,Ministry of Ecological Transition,2020,2021 - 2030,2,2,"Energy, Electricity & Additional sectors",TRUE,TRUE,FALSE,TRUE,FALSE,https://energy.ec.europa.eu/system/files/2020-04/fr_final_necp_main_fr_0.pdf
FRA_003,France,FRA,Western Europe,LTES,National Energy Climate Plan,Ministry for Ecological Transition and Territorial Cohesion,2024,2021-2030,10,10,"Energy, Electricity & Additional sectors",TRUE,TRUE,TRUE,TRUE,FALSE,https://commission.europa.eu/document/download/ab4e488b-2ae9-477f-b509-bbc194154a30_en?filename=FRANCE%20%E2%80%93%20FINAL%20UPDATED%20NECP%202021-2030%20%28English%29.pdf
FRA_004,France,FRA,Western Europe,LTES,Multiannual Energy Programme 2019 - 2028,Ministry of Ecological Transition,2019,2019-2028,5,5,"Energy, Electricity & Additional sectors",TRUE,TRUE,TRUE,TRUE,FALSE,https://www.ecologie.gouv.fr/sites/default/files/20200422%20Programmation%20pluriannuelle%20de%20l%27e%CC%81nergie.pdf
FSM_001,Federated States of Micronesia,FSM,Pacific Islands,LTES,Energy Master Plans for the Federated States of Micronesia,Department of Resources and Development,2018,2018-2037,5,5,"Energy, Electricity & Additional sectors",TRUE,TRUE,FALSE,TRUE,FALSE,https://islands.irena.org/-/media/Files/IRENA/Sids/fsm_energy_master_plans_final_report_-_april_2018a.ashx
GAB_001,Gabon,GAB,Central Africa,LTES,Analyse de l'Offre Energétique du Gabon à l'Horizon 2045 et Evaluation des Emissions de CO2,Ministère de l'Énergie et des Ressources Hydrauliques,2019,2016-2045,,,Energy & Electricity,TRUE,TRUE,TRUE,TRUE,FALSE,https://cms.irena.org/-/media/Files/IRENA/Agency/Topics/Energy-Transition/Gabon_rapport_final_B046.ashx?la=en&hash=A145EA94C8C752DCF4451F4C8ACB9400276ED1CE
GBR_001,United Kingdom,GBR,Western Europe,LT-LEDS,UK Net Zero Strategy: Build Back Greener,"Department of Business, Energy & Industrial Strategy",2021,2020-2050,,As needed,"Energy, Electricity & Additional sectors",TRUE,TRUE,TRUE,TRUE,FALSE,https://assets.publishing.service.gov.uk/government/uploads/system/uploads/attachment_data/file/1033990/net-zero-strategy-beis.pdf
GBR_002,United Kingdom,GBR,Western Europe,LTES,Updated energy and emissions projections 2021 to 2040,"Department for Business, Energy & Industrial Strategy",2022,2021-2040,1,1,Energy,TRUE,TRUE,FALSE,TRUE,FALSE,https://www.gov.uk/government/publications/energy-and-emissions-projections-2021-to-2040
GBR_003,United Kingdom,GBR,Western Europe,LTES,Energy and emissions projections,"Department for Business, Energy & Industrial Strategy (BEIS)",2019,2018-2035,,,Energy & Electricity,TRUE,TRUE,TRUE,TRUE,FALSE,https://www.gov.uk/government/publications/updated-energy-and-emissions-projections-2018
GBR_004,United Kingdom,GBR,Western Europe,LTES,Energy and Emissions Projections 2022-2040,Department for Energy Security & Net Zero,2023,2022-2040,1,1,Electricity,FALSE,TRUE,TRUE,TRUE,FALSE,https://www.gov.uk/government/publications/energy-and-emissions-projections-2022-to-2040
GEO_001,Georgia,GEO,Southeast Europe,LTES,Georgia’s Climate Strategy and Action Plan,Ministry of Environmental Protection and Agriculture,2021,2022-2030,2,2,"Energy, Electricity & Additional sectors",TRUE,TRUE,TRUE,TRUE,FALSE,https://mepa.gov.ge/En/Files/ViewFile/50123
GEO_002,Georgia,GEO,Southeast Europe,LTES,Integrated National Energy and Climate Plan of Georgia,Ministry of Economy and Sustainable Development of Georgia & Ministry of Environment and Agriculture,2023,2020-2050,,,"Energy, Electricity & Additional sectors",TRUE,TRUE,TRUE,TRUE,TRUE,https://www.energy-community.org/dam/jcr:b2ba4ce8-4bd8-4915-8302-fce2619cd85d/NECP%20of%20Georgia.pdf
GEO_003,Georgia,GEO,Southeast Europe,LT-LEDS,Georgia's long term low emission and climate resilient development strategy (2020-2050),"Minister of Environmental Protection and Agriculture (Chair Agency), Climate Change Council of Georgia",2023,2020-2050,5,5,"Energy, Electricity & Additional sectors",TRUE,TRUE,TRUE,TRUE,FALSE,https://unfccc.int/sites/default/files/resource/Georgia%27s%20LT-LEDS%202023-eng.pdf
GHA_001,Ghana,GHA,West Africa,LTES,Strategic National Energy Plan,Energy Commission,2006,2006-2020,,periodically,Energy,TRUE,FALSE,TRUE,TRUE,FALSE,http://www.energycom.gov.gh/files/snep/MAIN%20REPORT%20final%20PD.pdf
GHA_002,Ghana,GHA,West Africa,LTES,Strategic National Energy Plan 2030,Energy Commission of Ghana,2019,2020-2030,,As needed,"Energy, Electricity & Additional sectors",TRUE,TRUE,TRUE,TRUE,FALSE,https://energycom.gov.gh/index.php/planning/strategic-national-energy-plan#
GHA_003,Ghana,GHA,West Africa,LTES,National Energy Transition Framework (2022-2070),Ministry of Energy,2021,2022-2070,,As needed,"Energy, Electricity & Additional sectors",TRUE,TRUE,TRUE,TRUE,FALSE,https://www.energymin.gov.gh/sites/default/files/2023-09/FINAL%20GHANA%27S%20NATIONAL%20ENERGY%20TRANSITION%20FRAMEWORK_2023_compressed%20%281%29_compressed%20%282%29.pdf
GIN_001,Guinea,GIN,West Africa,LTES,Evaluation et Analyse des Gaps par rapport aux objectifs de SE4ALL,Sustainable Energy for All (SE4All),2014,2011-2030,,,"Energy, Electricity & Additional sectors",FALSE,FALSE,FALSE,TRUE,FALSE,https://www.se4all-africa.org/fileadmin/uploads/se4all/Documents/Country_RAGAs/Guinea_RAGA_FR_Released.pdf
GMB_001,Gambia,GMB,West Africa,LT-LEDS,The Gambia's Long-Term Climate-Neutral Development Strategy 2050,"Ministry of Environment, Climate Change and Natural Resources",2022,2020-2050,5,5,Electricity & Additional sectors,FALSE,TRUE,TRUE,TRUE,FALSE,https://unfccc.int/documents/615073
GMB_002,Gambia,GMB,West Africa,LTES,Sustainable Energy Action Plan for The Gambia,Ministry of Energy,2015,2015-2030,,,Energy & Electricity,FALSE,TRUE,FALSE,TRUE,FALSE,http://www.ecreee.org/sites/default/files/events/sustainable_energy_action_plan_the_gambia.pdf
GMB_003,Gambia,GMB,West Africa,LTES,Universal Access by 2025 and Transforming The Gambia Electricity sub-sector - Strategic Roadmap 2021-2040,Ministry of Petroleum and Energy; National Water and Electricity Company (NAWEC),2021,2021 - 2040,,,Electricity,TRUE,TRUE,TRUE,TRUE,FALSE,https://nawec.gm/wp-content/uploads/2022/02/The-Gambia-Strategic-Electricity-Sector-Roadmap.pdf
GNQ_001,Equitorial Guinea,GNQ,Central Africa,LTES,National Action Plan for Renewable Energy Development (PANDER),"Ministry of Industry and Energy & Ministry of Agriculture, Livestock, Forestry and Environment",2018,2018-2025,1,1,Electricity,FALSE,TRUE,TRUE,TRUE,FALSE,https://info.undp.org/docs/pdc/Documents/GNQ/PANDER%20Final1.pdf
GRC_001,Greece,GRC,Southeast Europe,LTES,National Energy and Climate Plan,Ministry of Environment and Energy,2019,2021-2030,2,2,"Energy, Electricity & Additional sectors",TRUE,TRUE,TRUE,TRUE,FALSE,https://energy.ec.europa.eu/system/files/2020-03/el_final_necp_main_en_0.pdf
GTM_001,Guatemala,GTM,Central America,LTES,Plan de expansión indicativo del sistema de generación 2020-2050,Ministry of Energy and Mines,2020,2020-2050,2,2,Electricity,FALSE,TRUE,TRUE,TRUE,FALSE,https://www.cnee.gob.gt/PlanesExpansion/2020-2050/PlanExpansionGeneracion2020-2050.pdf
GTM_002,Guatemala,GTM,Central America,LT-LEDS,Estrategia Nacional de Desarrollo con Bajas Emisiones de Gases de Efector Invernadero,Ministerio de Ambiente y Recursos Naturales,2021,2019-2050,,,"Energy, Electricity & Additional sectors",TRUE,TRUE,TRUE,TRUE,FALSE,https://unfccc.int/sites/default/files/resource/LTS1_Guatemala.pdf
GTM_003,Guatemala,GTM,Central America,LTES,Plan de Expansión Indicativo del Sistema de Generación 2024-2054,Ministry of Energy and Mines,2024,2024- 2054,2,2,Electricity,FALSE,TRUE,TRUE,TRUE,TRUE,https://mem.gob.gt/wp-content/uploads/2024/01/Plan-de-Expansion-Indicativo-del-Sistema-de-Generacion-2024-2054.pdf
HND_001,Honduras,HND,Central America,LTES,Energy Prospective: Adoption of electromobility,"Ministry of Energy, State Secretariat for Energy",2019,2019-2050,,As needed,Energy & Additional sectors,TRUE,TRUE,FALSE,TRUE,FALSE,https://sen.hn/wp-content/uploads/2024/01/Prospectiva.pdf
HRV_001,Croatia,HRV,Southeast Europe,LTES,Integrated National Energy and Climate Plan,Ministry of Environment and Energy,2019,2021-2030,2,2,"Energy, Electricity & Additional sectors",TRUE,TRUE,TRUE,TRUE,FALSE,https://energy.ec.europa.eu/system/files/2020-01/hr_final_necp_main_en_0.pdf
HTI_001,Haiti,HTI,Caribbean Islands,LTES,Haiti Energy Sector Development Plan,"Ministry for Public Works, Transportation and Communications, Bureau of Mines and Energy, Electricity of Haiti",2006,2007-2017,,As needed,"Energy, Electricity & Additional sectors",TRUE,TRUE,TRUE,TRUE,FALSE,https://www.ccreee.org/wp-content/uploads/2020/06/National_Energy_Plan_Haiti_Revised20_12_2006VM.pdf
HUN_001,Hungary,HUN,Southeast Europe,LTES,National Energy and Climate Plan,Ministry of innovation and technology,2022,2021-2030,2,2,"Energy, Electricity & Additional sectors",TRUE,TRUE,TRUE,FALSE,FALSE,https://energy.ec.europa.eu/system/files/2022-08/hu_final_necp_main_en.pdf
HUN_002,Hungary,HUN,Southeast Europe,LT-LEDS,National Clean Development Strategy 2020-2050,Ministry for Innovation and Technology,2020,2020-2050,,As needed,"Energy, Electricity & Additional sectors",TRUE,TRUE,TRUE,TRUE,FALSE,https://unfccc.int/sites/default/files/resource/LTS_1_Hungary_2021_EN.pdf
HUN_003,Hungary,HUN,Southeast Europe,LTES,National Energy and Climate Plan,Ministry of Energy,2024,2021-2030,10,10,"Energy, Electricity & Additional sectors",TRUE,TRUE,TRUE,TRUE,FALSE,https://commission.europa.eu/document/download/0a2953f8-5789-4f6f-9714-03df3d4cbbab_en?filename=HU_FINAL%20UPDATED%20NECP%202021-2030%20%28English%29.pdf
IDN_001,Indonesia,IDN,Southeast Asia,LTES,Indonesia Energy Outlook,National Energy Council,2019,2019-2050,1,1,Energy & Electricity,TRUE,TRUE,TRUE,TRUE,FALSE,https://www.esdm.go.id/assets/media/content/content-indonesia-energy-outlook-2019-english-version.pdf
IDN_002,Indonesia,IDN,Southeast Asia,LT-LEDS,Indonesia's Long-Term Strategy for Low Carbon and Climate Resilience 2050,Ministry for Environment and Forestry,2021,2020-2050,,As needed,"Energy, Electricity & Additional sectors",TRUE,TRUE,TRUE,TRUE,FALSE,https://unfccc.int/sites/default/files/resource/Indonesia_LTS-LCCR_2021.pdf
IDN_003,Indonesia,IDN,Southeast Asia,LTES,Indonesia Energy Outlook 2023,National Energy Council,2023,2023-2033,1,1,"Energy, Electricity & Additional sectors",TRUE,TRUE,TRUE,TRUE,FALSE,https://den.go.id/publikasi/Outlook-Energi-Indonesia
IDN_004,Indonesia,IDN,Southeast Asia,LTES,National Energy General Plan (RUEN) 2017,Ministry of Energy and Mineral Resources,2017,2017-2050,5,5,"Energy, Electricity & Additional sectors",TRUE,TRUE,TRUE,TRUE,FALSE,https://www.esdm.go.id/en/publication/ruen
IND_001,India,IND,South Asia,LTES,National Electricity Plan Volume II on Transmission,Central Electricity Authority,2024,2022-2032,5,5,Electricity,FALSE,TRUE,TRUE,TRUE,FALSE,https://powermin.gov.in/sites/default/files/uploads/National_Electricity_Plan_Volume_II_Transmission.pdf
IND_002,India,IND,South Asia,LTES,National Electricity Plan Volume I on Generation,Central Electricity Authority,2018,2017-2027,5,5,Electricity,FALSE,TRUE,TRUE,TRUE,FALSE,https://cea.nic.in/wp-content/uploads/2020/04/nep_jan_2018.pdf
IND_003,India,IND,South Asia,LTES,National Electricity Plan. Volume I: Generation,Ministry of Power/Central Electricity Authority,2023,2023-2032,5,5,Electricity,FALSE,TRUE,TRUE,TRUE,FALSE,https://cea.nic.in/wp-content/uploads/notification/2023/06/NEP_2022_32_FINAL_GAZETTE_English.pdf
IRL_001,Ireland,IRL,Western Europe,LTES,National Energy and Climate Plan 2021-2030,"Department of Communications, Climate Action and Environment",2020,2021-2030,2,2,"Energy, Electricity & Additional sectors",TRUE,TRUE,TRUE,TRUE,FALSE,https://www.gov.ie/pdf/?file=https://assets.gov.ie/94442/f3e50986-9fde-4d34-aa35-319af3bfac0c.pdf#page=null
IRL_002,Ireland,IRL,Western Europe,LTES,Ireland’s integrated National Energy and Climate Plan 2021-2030,"Department of the Environment, Climate & Communications",2024,2021-2030,10,10,"Energy, Electricity & Additional sectors",TRUE,TRUE,TRUE,TRUE,TRUE,https://commission.europa.eu/document/download/2f11d301-7386-4078-957f-4a82c9b77efe_en?filename=IE_FINAL%20UPDATED%20NECP%202021-2030%20%28English%29.pdf
IRL_003,Ireland,IRL,Western Europe,LT-LEDS,Ireland’s Long-term Strategy on Greenhouse Gas Emissions Reduction,"Department of Environment, Climate and Communications",2024,2020-2050,5,5,"Energy, Electricity & Additional sectors",TRUE,TRUE,TRUE,TRUE,TRUE,https://unfccc.int/documents/640306
IRQ_001,Iraq,IRQ,Middle East,LTES,Iraq Electricity Masterplan,Ministry of Electricity,2010,2010-2030,1,1,Electricity,FALSE,TRUE,TRUE,TRUE,FALSE,https://www.iraq-jccme.jp/pdf/archives/electricity-master-plan.pdf
ISL_001,Iceland,ISL,Western Europe,LT-LEDS,On the Path to Climate Neutrality: Iceland's Long-Term Low Emission Development Strategy,Ministry for the Environment and Natural Resources,2021,2020-2050,,As needed,Energy & Additional sectors,TRUE,TRUE,FALSE,TRUE,FALSE,https://unfccc.int/sites/default/files/resource/Iceland_LTS1_2021.pdf
ISL_002,Iceland,ISL,Western Europe,LTES,The State and Challenges of Energy Affairs,"Ministry of the Environment, Energy and Climate",2022,2021-2060,,,"Energy, Electricity & Additional sectors",TRUE,TRUE,TRUE,TRUE,FALSE,https://www.stjornarradid.is/library/02-Rit--skyrslur-og-skrar/URN/URN_State_of_Energy_Issues_EN_Web.pdf
ITA_001,Italy,ITA,Western Europe,LTES,Integrated National Energy and Climate Plan,"Ministry of Ecological Transition, Ministry of Economic Development and Ministry for Transport",2020,2020-2040,3,3,Energy & Electricity,TRUE,TRUE,TRUE,TRUE,TRUE,https://energy.ec.europa.eu/system/files/2020-02/it_final_necp_main_en_0.pdf
ITA_002,Italy,ITA,Western Europe,LTES,Strategia italiana di lungo termine sulla riduzione delle emissioni dei gas a effetto serra,"Ministry of Ecological Transition, Ministry of Economic Development, Ministry for Transport and Ministry of Agriculture",2021,2050,5,5,Energy & Electricity,TRUE,TRUE,TRUE,TRUE,TRUE,https://www.mite.gov.it/sites/default/files/lts_gennaio_2021.pdf https://ec.europa.eu/clima/sites/lts/lts_it_it.pdf
ITA_003,Italy,ITA,Western Europe,LTES,Strategia Energetica Nazionale,Ministero dello sviluppo economico,2017,2017-2030,,,Energy,TRUE,FALSE,FALSE,TRUE,TRUE,https://www.mise.gov.it/images/stories/documenti/Testo-integrale-SEN-2017.pdf
ITA_004,Italy,ITA,Western Europe,LTES,National Plan Integrated for Energy and Climate,Ministry of the Environment and Energy Security,2024,2021-2030,10,10,"Energy, Electricity & Additional sectors",TRUE,TRUE,TRUE,TRUE,FALSE,https://commission.europa.eu/document/download/5ef1819e-1c42-446f-91d0-abb9cf7719e8_en?filename=IT_FINAL%20UPDATED%20NECP%202021-2030%20%28English%29_0.pdf
JPN_001,Japan,JPN,Northeast Asia,LTES,6th Strategic Energy Plan,"Ministry of Economy, Trade and Industry & Agency for Natural Resources and Energy",2021,2020-2050,3,3,"Energy, Electricity & Additional sectors",TRUE,TRUE,TRUE,TRUE,FALSE,https://www.enecho.meti.go.jp/en/category/others/basic_plan/
KAZ_001,Kazakhstan,KAZ,Central Asia,LT-LEDS,Strategy of the Republic of Kazakhstan on Achieving Carbon Neutrality by 2060,Ministry of Ecology and Natural Resources & Ministry of National Economy,2024,2025-2060,,As needed,Energy & Additional sectors,TRUE,FALSE,FALSE,TRUE,FALSE,https://unfccc.int/sites/default/files/resource/Carbon_Neutrlaity_Strategy_Kazakhstan_Eng_Oct2024.pdf
KEN_001,Kenya,KEN,Eastern Africa,LTES,Updated Least Cost Power Development Plan,Ministry of Energy,2022,2022-2041,2,2,Electricity,FALSE,TRUE,TRUE,TRUE,TRUE,https://www.epra.go.ke/energy-planning-inep-medium-term-plans
KGZ_001,Kyrgyz Republic,KGZ,Central Asia,LTES,Master Plan for Complex Development of the Energy Sector of the Kyrgyz Republic,Ministry of Energy,2022,2021-2040,,As needed,"Energy, Electricity & Additional sectors",FALSE,TRUE,TRUE,TRUE,FALSE,https://minenergo.gov.kg/media/uploads/2022/12/07/mp-kr-finalreport-rev5_v2_en_website_hQEeGIO.pdf
KHM_001,Cambodia,KHM,Southeast Asia,LTES,The Power Development Master Plan (PDP) of Cambodia 2022-2040,Ministry of Mines and Energy,2022,2022 - 2040,10,10,Energy & Electricity,TRUE,TRUE,TRUE,TRUE,FALSE,https://media.vdb-loi.com/wp-content/uploads/2023/06/Final-PDP-Cambodia-English-version.pdf
KHM_002,Cambodia,KHM,Southeast Asia,LT-LEDS,Long-term strategy for Carbon Neutrality (LTS4CN) for Cambodia,"National Council for Sustainable Development (NCSD), Ministry of Environment",2021,2020-2050,5,5,"Energy, Electricity & Additional sectors",TRUE,TRUE,TRUE,TRUE,FALSE,https://unfccc.int/sites/default/files/resource/KHM_LTS_Dec2021.pdf
KIR_001,Kiribati,KIR,Pacific Islands,LTES,Kiribati integrated Energy Roadmap: 2017–2025,Ministry of Infrastructure and Sustainable Energy (MISE),2017,2017-2025,,As needed,Energy & Additional sectors,TRUE,TRUE,TRUE,TRUE,FALSE,https://prdrse4all.spc.int/sites/default/files/kiribati_integrated_energy_roadmap_2017.pdf
KOR_001,Republic of Korea,KOR,Northeast Asia,LTES,2050 Carbon Neutrality Scenarios,2050 Carbon Neutrality Commission,2021,2020-2050,,,Energy & Electricity,TRUE,TRUE,TRUE,TRUE,FALSE,https://2050cnc.go.kr/base/contents/view?contentsNo=10&menuLevel=2&menuNo=12
KOR_002,Republic of Korea,KOR,Northeast Asia,LTES,5th New and Renewable Energy Masterplan,"Ministry of Trade, Industry and Energy",2020,2020-2034,5,5,"Energy, Electricity & Additional sectors",TRUE,TRUE,TRUE,TRUE,FALSE,https://www.motie.go.kr/kor/article/ATCL3f49a5a8c/163676/view?mno=&pageIndex=9&rowPageC=0&displayAuthor=&searchCategory=0&schClear=on&startDtD=&endDtD=&searchCondition=4&searchKeyword=%EC%9E%AC%EC%83%9D
KOR_003,Republic of Korea,KOR,Northeast Asia,LTES,10th Basic Plan for Electricity Supply and Demand (13 Jan 2023),"Ministry of Trade, Industry and Energy",2023,2022-2036,2,2,"Energy, Electricity & Additional sectors",TRUE,TRUE,TRUE,TRUE,FALSE,https://home.kepco.co.kr/kepco/KR/ntcob/ntcobView.do?pageIndex=1&boardSeq=21067781&boardCd=BRD_000520&menuCd=FN3116&parnScrpSeq=0&searchCondition=total&searchKeyword=
LAO_001,Lao People's Democratic Republic,LAO,Southeast Asia,LTES,Power Network System Plan,"Department of Electricity, Ministry of Energy and Mines, Electricité du Laos",2010,2011-2030,,As needed,Electricity,FALSE,TRUE,TRUE,TRUE,FALSE,https://openjicareport.jica.go.jp/pdf/11972999.pdf
LBN_001,Lebanon,LBN,Middle East,LTES,National Renewable Energy Action Plan for the Republic of Lebanon,Ministry of Energy and Water & Lebanese Center for Energy Conservation (LCEC),2016,2016-2020,,As needed,"Energy, Electricity & Additional sectors",TRUE,TRUE,TRUE,TRUE,FALSE,https://lcec.org.lb/sites/default/files/2021-02/NREAP%202016%202020.pdf
LBR_001,Liberia,LBR,West Africa,LTES,National Energy Efficiency Action Plan (NEEAP),"Ministry of Lands, Mines and Energy (MLME)",2016,2015-2020/2030,,As needed,Electricity & Additional sectors,FALSE,FALSE,TRUE,TRUE,FALSE,https://www.se4all-africa.org/fileadmin/uploads/se4all/Documents/Country_PANEE/Liberia_national_energy_efficiency_action_plan_neeap.pdf
LCA_001,Saint Lucia,LCA,Caribbean Islands,LTES,National Energy Transition Strategy,"Ministry of Infrastructure, Ports, Energy & Labour",2017,2007-2035,,As needed,"Energy, Electricity & Additional sectors",FALSE,FALSE,TRUE,TRUE,FALSE,https://www.bing.com/ck/a?!&&p=4a8936944ace39f96c8cc8c583bfcd4ce9d5a674e7bbaa37318f47021523d5bdJmltdHM9MTczODg4NjQwMA&ptn=3&ver=2&hsh=4&fclid=32fa3a64-633a-6e67-0f31-287b62906f46&psq=SAINT+LUCIA+NATIONAL+ENERGY+TRANSITION+STRATEGY+pdf&u=a1aHR0cHM6Ly93d3c0LnVuZmNjYy5pbnQvc2l0ZXMvUHVibGljTkFNQS9fbGF5b3V0cy9VTi9GQ0NDL05BTUEvRG93bmxvYWQuYXNweD9MaXN0TmFtZT1OQU1BJklkPTIyNSZGaWxlTmFtZT1TYWludCUyMEx1Y2lhJTIwTkVUUyUyMEZpbmFsJTIwUmVwb3J0XyUyMEF1ZyUyMDklMjAyMDE3LnBkZg&ntb=1
LIE_001,Liechtenstein,LIE,Western Europe,LTES,Energy Strategy 2030: Vision 2050,"Ministry of the Interior, Economy and the Environment & Ministry of Infrastructure and Justice",2020,2021-2030,10,10,"Energy, Electricity & Additional sectors",TRUE,TRUE,TRUE,TRUE,FALSE,https://www.llv.li/en/individuals/building-and-living/energy-energy-office/energy-policy-liechtenstein/energy-strategy-liechtenstein
LKA_001,Sri Lanka,LKA,South Asia,LTES,Long-Term Generation Expansion Plan 2023-2042,Ceylon Electricity Board,2023,2023-2042,2,2,"Energy, Electricity & Additional sectors",TRUE,TRUE,TRUE,TRUE,FALSE,https://www.ceb.lk/publication-media/planing-documents/en
LKA_002,Sri Lanka,LKA,South Asia,LT-LEDS,Nationally Determined Contributions Implementation Plan (2021-2030),Ministry of Environment,2023,2021-2030,,As needed,"Energy, Electricity & Additional sectors",TRUE,TRUE,TRUE,TRUE,FALSE,https://unfccc.int/documents/640023
LSO_001,Lesotho,LSO,Southern Africa,LTES,Electrification Master Plan,"Ministry of Energy and Meteorology, Department of Energy",2018,2019-2039,2,2,Electricity,FALSE,TRUE,TRUE,TRUE,FALSE,https://www.bing.com/ck/a?!&&p=6e6e45babbcd35874ecaa9133b5d962d748b6bdc1c6012511acc8934ce7ddeabJmltdHM9MTczNDMwNzIwMA&ptn=3&ver=2&hsh=4&fclid=32fa3a64-633a-6e67-0f31-287b62906f46&psq=Lesotho+Power+Generation+Master+Plan+pdf&u=a1aHR0cHM6Ly93d3cuZG9lLmdvdi5scy9kb3dubG9hZC8zNg&ntb=1
LTU_001,Lithuania,LTU,Western Europe,LTES,National Energy and Climate Plan (NECP) for 2021-2030,Ministry of energy,2024,2021-2030,10,10,"Energy, Electricity & Additional sectors",TRUE,TRUE,TRUE,TRUE,FALSE,https://commission.europa.eu/document/download/e4569d35-7ab0-4445-8fa6-017357d04546_en?filename=LT_FINAL%20UPDATED%20NECP%202021-2030%20%28English%29.pdf
LUX_001,Luxembourg,LUX,Western Europe,LTES,Luxembourg’s integrated national energy and climate plan for the period 2021-2030,"Ministry of Energy and Land Use Planning & Ministry of the Environment, Climate and Sustainable Development",2024,2021-2030,10,10,"Energy, Electricity & Additional sectors",TRUE,TRUE,TRUE,TRUE,FALSE,https://energy.ec.europa.eu/system/files/2020-07/lu_final_necp_main_en_0.pdf
LUX_002,Luxembourg,LUX,Western Europe,LT-LEDS,"Long-term national climate action strategy ""Towards climate neutrality in 2050","Ministry for the Environment, Climate and Sustainable Development",2021,2020-2050,5,5,"Energy, Electricity & Additional sectors",TRUE,TRUE,TRUE,TRUE,FALSE,https://unfccc.int/sites/default/files/resource/LUX_LTS_2021.pdf
LVA_001,Latvia,LVA,Western Europe,LTES,National Energy and Climate Plan,Ministry of Economics (Ekonomikas ministrija),2020,2021-2030,10,10,"Energy, Electricity & Additional sectors",TRUE,TRUE,TRUE,FALSE,FALSE,https://www.em.gov.lv/en/national-energy-and-climate-plan-2021-2030
LVA_002,Latvia,LVA,Western Europe,LT-LEDS,Latvia’s Strategy to achieve climate neutrality by 2050,Ministry of Environment protection and Regional Development,2020,2021-2050,,,"Energy, Electricity & Additional sectors",TRUE,FALSE,TRUE,TRUE,TRUE,https://unfccc.int/sites/default/files/resource/LTS1_Latvia.pdf
LVA_003,Latvia,LVA,Western Europe,LTES,National Energy and Climate Plan,Ministry of Climate and Energy,2024,2021-2030,10,10,"Energy, Electricity & Additional sectors",TRUE,TRUE,TRUE,TRUE,TRUE,https://commission.europa.eu/publications/latvia-final-updated-necp-2021-2030-submitted-2024_en
MAR_001,Morocco,MAR,North Africa,LTES,"Morocco Energy Policy MRV (Measurement, Reporting and Verification) Report","Ministry of Energy, Mining, and Sustainable Development",2018,2019-2030,,As needed,Energy & Electricity,TRUE,TRUE,TRUE,TRUE,FALSE,https://documents1.worldbank.org/curated/en/964331541085444404/pdf/Morocco-Energy-Policy-MRV.pdf
MAR_002,Morocco,MAR,North Africa,LTES,National Energy Strategy: Horizon 2030,"Ministry of Energy, Mines, Water and the Environment",2019,2020-2030,,,"Energy, Electricity & Additional sectors",TRUE,TRUE,TRUE,TRUE,FALSE,http://www.abhatoo.net.ma/maalama-textuelle/developpement-economique-et-social/developpement-economique/energie-et-mines/politique-energetique/strategie-energetique-nationale-horizon-2030
MEX_001,Mexico,MEX,North America,LT-LEDS,Mexico’s Climate Change Mid-Century Strategy,Ministry of Environment and Natural Resources & National Institute of Ecology and Climate Change,2016,2015-2056,10,10,"Energy, Electricity & Additional sectors",TRUE,TRUE,TRUE,TRUE,FALSE,https://unfccc.int/files/focus/long-term_strategies/application/pdf/mexico_mcs_final_cop22nov16_red.pdf
MEX_002,Mexico,MEX,North America,LTES,Estrategia de transicion para promover el uso de tecnologias y combustibles mas limpios,Ministry of Energy,2019,2014-2050,,within the first six months of each Federal Administration,Energy & Electricity,TRUE,TRUE,TRUE,TRUE,FALSE,https://www.dof.gob.mx/nota_detalle.php?codigo=5585823&fecha=07/02/2020#gsc.tab=0
MEX_003,Mexico,MEX,North America,LTES,Programa Indicativo para la Instalación y Retiro de Centrales Eléctricas (PIIRCE),Secretaría de Energía,2021,2020-2035,,,Electricity,FALSE,TRUE,TRUE,TRUE,FALSE,https://www.gob.mx/cms/uploads/attachment/file/649447/PRODESEN_CAP_TULO_5.pdf
MEX_004,Mexico,MEX,North America,LTES,Programa de Desarrollo del Sistema Eléctrico Nacional (PRODESEN) 2023-2037,Ministry of Energy / Secretaria de Energia (SENER),2023,2023-2037,1,1,Electricity,FALSE,TRUE,TRUE,TRUE,FALSE,https://www.gob.mx/sener/articulos/programa-de-desarrollo-del-sistema-electrico-nacional-2023-2037
MHL_001,Marshall Islands,MHL,Pacific Islands,LT-LEDS,"Tile Til Eo - 2050 Climate Strategy ""Lighting the way""",Ministry of Environment + Tile Til Eo committee,2018,2015-2050,5,5,"Energy, Electricity & Additional sectors",TRUE,TRUE,TRUE,TRUE,TRUE,https://unfccc.int/sites/default/files/resource/180924%20rmi%202050%20climate%20strategy%20final_0.pdf
MHL_002,Marshall Islands,MHL,Pacific Islands,LTES,RMI Electricity Roadmap,National Energy Office,2018,2018-2050,,before 2025,Electricity,FALSE,TRUE,TRUE,TRUE,TRUE,https://unfccc.int/sites/default/files/NDC/2022-06/RMI%20Electricity%20Roadmap.pdf
MKD_001,North Macedonia,MKD,Southeast Europe,LT-LEDS,Long-term strategy on climate action and action plan,Ministry of Environment and Physical Planning,2021,2017-2050,,As needed,"Energy, Electricity & Additional sectors",TRUE,TRUE,TRUE,TRUE,FALSE,https://unfccc.int/sites/default/files/resource/MKD_LTS_Nov2021.pdf
MKD_002,North Macedonia,MKD,Southeast Europe,LTES,National Energy and Climate Plan of North Macedonia,Ministry of Economy,2024,2020-2040,,,"Energy, Electricity & Additional sectors",TRUE,TRUE,TRUE,TRUE,FALSE,https://www.energy-community.org/dam/jcr:d526e561-07db-4602-9611-fd965ee0fac3/Official%20NECP%20-%20EN%20version.pdf
MKD_003,North Macedonia,MKD,Southeast Europe,LTES,The Strategy for Energy Development of the Republic of North Macedonia until 2040,UK Reform Assistance to North Macedonia,2019,2017-2040,,,Energy & Electricity,TRUE,TRUE,TRUE,TRUE,FALSE,https://economy.gov.mk/Upload/Documents/Energy%20Development%20Strategy_FINAL%20DRAFT%20-%20For%20public%20consultations_ENG_29.10.2019.pdf
MLI_001,Mali,MLI,West Africa,LTES,National Strategy for the Development of Energy Efficiency (SNEE),Ministry of Energy and Water,2018,2016-2036,1,1,"Energy, Electricity & Additional sectors",TRUE,TRUE,FALSE,TRUE,FALSE,"http://dne.gouv.ml/wp-content/uploads/2021/07/Strategie_Efficacite_Energetique.pdf#:~:text=La%20Strat%C3%A9gie%20Nationale%20de%20d%C3%A9veloppement%20de%20l%E2%80%99Efficacit%C3%A9%20Energ%C3%A9tique,terme%20pr%C3%A9sent%C3%A9s%20dans%20la%20Politique%20Energ%C3%A9tique%20Nationale%20%28PEN%29."
MLT_001,Malta,MLT,Western Europe,LTES,Malta's 2030 National Energy and Climate Plan,Ministry for Energy and Water Management,2019,2021-2030,2,2,"Energy, Electricity & Additional sectors",TRUE,TRUE,TRUE,TRUE,FALSE,https://energy.ec.europa.eu/system/files/2020-01/mt_final_necp_main_en_0.pdf
MLT_002,Malta,MLT,Western Europe,LT-LEDS,Malta Low Carbon Development Strategy,"Ministry for the Environment, Climate Change and Planning",2021,2020-2050,5,5,"Energy, Electricity & Additional sectors",TRUE,TRUE,TRUE,TRUE,TRUE,https://unfccc.int/sites/default/files/resource/MLT_LTS_Nov2021.pdf
MLT_003,Malta,MLT,Western Europe,LTES,Malta's National Energy and Climate Plan 2021-2030,"Ministry for the Environment, energy and regeneration of the grand harbour",2024,2021-2050,5,5,"Energy, Electricity & Additional sectors",TRUE,TRUE,TRUE,TRUE,FALSE,https://commission.europa.eu/document/download/f30c8368-abf8-4272-9a97-93e41e221fcb_en?filename=MALTA_DRAFT%20UPDATED%20NECP%202021%202030.pdf
MMR_001,Myanmar,MMR,Southeast Asia,LTES,Myanmar Energy Master Plan,National Energy Management Committee,2015,2014-2035,,As needed,"Energy, Electricity & Additional sectors",TRUE,TRUE,TRUE,TRUE,FALSE,https://www.adb.org/projects/documents/mya-46389-001-tacr-2
MOZ_001,Mozambique,MOZ,Southern Africa,LTES,Integrated Master Plan Mozambique Power System Development,Electricidade de Moçambique (EDM),2018,2020-2045,,As needed,Electricity & Additional sectors,FALSE,TRUE,TRUE,TRUE,FALSE,https://openjicareport.jica.go.jp/pdf/12318606.pdf
MOZ_002,Mozambique,MOZ,Southern Africa,LTES,National Electrification Strategy and Plan (NESP),Electricidade de Moçambique (EDM),2018,2018-2035,,As needed,Electricity & Additional sectors,FALSE,TRUE,TRUE,TRUE,FALSE,https://rise.esmap.org/data/files/library/mozambique/Electricity%20Access/Mozambique_National%20Electrification%20Strategy%202018-30.pdf
MUS_001,Mauritius,MUS,Southern Africa,LTES,Renewable Energy Roadmap 2030 for the Electricity Sector,Ministry of Energy and Public Utilities,2019,2019-2030,4,4,Electricity & Additional sectors,FALSE,TRUE,TRUE,TRUE,FALSE,https://govmu.org/EN/infoservices/energyutilities/Documents/Ministry%20of%20Energy%20-%20RE%20ROADMAP%202030%20-%20%20FINAL%20PROOF.pdf
MWI_001,Malawi,MWI,Southern Africa,LTES,"Update of 2017 IRP Demand Forecast for Malawi – Demand forecast, loss reduction and energy efficiency plan",Ministry of Energy,2023,2021-2042,,As needed,Electricity & Additional sectors,FALSE,TRUE,TRUE,TRUE,FALSE,https://www.bing.com/ck/a?!&&p=545a0d16201c2a41b2fe7e0082e6109993097be75c6967070f2ddd6c038854eaJmltdHM9MTczNDMwNzIwMA&ptn=3&ver=2&hsh=4&fclid=32fa3a64-633a-6e67-0f31-287b62906f46&psq=Update+of+2017+IRP+Demand+Forecast+for+Malawi+%e2%80%93+Demand+forecast%2c+loss+reduction+and+energy+efficiency+plan&u=a1aHR0cHM6Ly93d3cuZW5lcmd5Lmdvdi5tdy9kb3dubG9hZC8zMC9taXNjZWxsYW5lb3VzLWRvY3VtZW50cy8yODY0L2RlbWFuZC1mb3JlY2FzdC1maW5hbC1yZXBvcnQtdjFmLTk&ntb=1
MYS_001,Malaysia,MYS,Southeast Asia,LTES,Generation Development Plan,Energy Commission (Suruhanjaya Tenaga),2021,2021-2039,1,1,Electricity & Additional sectors,FALSE,TRUE,TRUE,TRUE,FALSE,https://www.st.gov.my/en/contents/files/download/169/Report_on_Peninsular_Malaysia_Generation_Development_Plan_2020_(2021-2039)-FINAL.pdf
MYS_002,Malaysia,MYS,Southeast Asia,LTES,"National Energy Transmission Roadmap, 2023",Ministry of Economy,2023,2023-2050,,As needed,"Energy, Electricity & Additional sectors",TRUE,TRUE,TRUE,TRUE,FALSE,https://www.st.gov.my/en/contents/files/download/188/National_Energy_Transition_Roadmap.pdf
MYS_003,Malaysia,MYS,Southeast Asia,LTES,Malaysia Renewable Energy Roadmap,Sustainable Energy Development Authority Malaysia,2021,2020-2035,,As needed,"Energy, Electricity & Additional sectors",TRUE,TRUE,TRUE,TRUE,FALSE,https://www.seda.gov.my/reportal/wp-content/uploads/2022/03/MyRER_webVer3.pdf
NAM_001,Namibia,NAM,Southern Africa,LTES,National Integrated Resource Plan,Ministry of Mines and Energy,2016,2015-2035,,,Electricity,FALSE,FALSE,TRUE,TRUE,FALSE,https://www.ecb.org.na/images/docs/Noticeboard/ELECTRICITY%20SECTOR%20NATIONAL%20INTEGRATED%20RESOURCE%20PLAN%20(NIRP)%202016%20Version%201.pdf
NAM_002,Namibia,NAM,Southern Africa,LTES,National Integrated Resource Plan (NIRP),Ministry of Mines and Energy,2022,2022-2042,,As needed,Electricity,FALSE,TRUE,TRUE,TRUE,FALSE,https://www.mme.gov.na/files/publications/611_NIRP_2022for_theElectricitySupplyIndustry_NamibiaSigned.pdf
NPL_002,Nepal,NPL,South Asia,LTES,Electricity demand forecast report (2015-2040),Water and Energy Commission Secretariat,2017,2017-2040,,,Electricity,FALSE,TRUE,TRUE,TRUE,FALSE,https://moewri.gov.np/storage/listies/May2020/electricity-demand-forecast-report-2014-2040.pdf
NGA_001,Nigeria,NGA,West Africa,LTES,National Energy Masterplan,Energy Commission of Nigeria,2022,2009-2030,5,5,"Energy, Electricity & Additional sectors",TRUE,TRUE,TRUE,TRUE,TRUE,https://www.energy.gov.ng/Energy_Policies_Plan/APPROVED_NEMP_2022.pdf
NGA_002,Nigeria,NGA,West Africa,LTES,National Energy Masterplan,Energy Commission of Nigeria,2014,2009-2030,5,5,"Energy, Electricity & Additional sectors",TRUE,TRUE,TRUE,FALSE,FALSE,
NGA_003,Nigeria,NGA,West Africa,LT-LEDS,Nigeria's Long-term low greenhouse gas emission development strategy 2060,National Climate Change Council,2024,2020-2060,,As needed,"Energy, Electricity & Additional sectors",TRUE,TRUE,TRUE,TRUE,TRUE,https://unfccc.int/documents/638193
NLD_001,Netherlands,NLD,Western Europe,LT-LEDS,Spatial Exploration 2023: Four scenarios for the layout of the Netherlands in 2050. Spatial Outlook 2023,Netherlands Environmental Assessment Agency (PBL),2023,2023-2050,,,Energy & Additional sectors,TRUE,FALSE,FALSE,TRUE,FALSE,https://www.pbl.nl/sites/default/files/downloads/pbl-2023-vier-scenarios-voor-de-inrichting-van-nederland-in-2050-4832.pdf
NLD_002,Netherlands,NLD,Western Europe,LTES,Update of the National Energy and Climate Plan,Ministry of Economic Affairs and Climate Policy,2024,2021-2030,10,10,"Energy, Electricity & Additional sectors",TRUE,TRUE,TRUE,TRUE,FALSE,https://commission.europa.eu/document/download/b6d21e56-4297-4b91-a692-300716209f72_en?filename=NL_FINAL%20UPDATED%20NECP%202021-2030%20%28English%29.pdf
NOR_001,Norway,NOR,Western Europe,LTES,Long-term power market analysis 2023,Ministry of Petroleum and Energy / Norwegian Water Resources and Energy Directorate,2023,2023-2040,1,1,Electricity,FALSE,TRUE,TRUE,TRUE,FALSE,https://www.nve.no/energi/analyser-og-statistikk/langsiktig-kraftmarkedsanalyse/langsiktig-kraftmarkedsanalyse-2023/
NPL_001,Nepal,NPL,South Asia,LT-LEDS,Nepal's Long-term Strategy for Net-zero Emissions,Ministry of Forests and Environment,2021,2020-2050,,,"Energy, Electricity & Additional sectors",TRUE,TRUE,TRUE,TRUE,FALSE,https://unfccc.int/sites/default/files/resource/NepalLTLEDS.pdf
NZL_001,New Zealand,NZL,Oceania,LTES,Electricity demand and generation scenarios,"Ministry of Business, Innovation and Employment",2019,2017-2050,,,Energy,TRUE,FALSE,FALSE,TRUE,TRUE,https://www.mbie.govt.nz/dmsdocument/5977-electricity-demand-and-generation-scenarios
NZL_002,New Zealand,NZL,Oceania,LTES,Electricity Demand and Generation Scenarios: Results summary,"Ministry of Business, Innovation and Employment (MBIE)",2024,2024-2050,,,"Energy, Electricity & Additional sectors",TRUE,TRUE,TRUE,TRUE,TRUE,https://www.mbie.govt.nz/building-and-energy/energy-and-natural-resources/energy-statistics-and-modelling/energy-modelling/electricity-demand-and-generation-scenarios/
OMN_001,Oman,OMN,Middle East,LT-LEDS,The Sultanate of Oman’s National Strategy for an Orderly Transition to Net Zero,Ministry of Energy and Minerals,2021,2020-2050,,As needed,"Energy, Electricity & Additional sectors",TRUE,TRUE,TRUE,TRUE,FALSE,https://unfccc.int/documents/628055
PAK_001,Pakistan,PAK,South Asia,LTES,Indicative Generation Capacity Expansion Plan (IGCEP) 2047,National Transmission and Development Company (NTDC),2020,2019-2047,,As needed,Electricity,FALSE,TRUE,TRUE,TRUE,FALSE,https://nepra.org.pk/Draft/IGCEP-2047%20along%20with%20Annexures.pdf
PAK_002,Pakistan,PAK,South Asia,LTES,Pakistan Energy Outlook Report 2021-2030,"Ministry of Planning, Development & Special Initiatives",2022,2021-2030,,As needed,Electricity,TRUE,TRUE,TRUE,TRUE,FALSE,https://www.pc.gov.pk/uploads/report/IEP_Outlook_Final.pdf
PAN_001,Panama,PAN,Central America,LTES,Tomo II – Plan Indicativo de Generación Plan de Expansión del Sistema Interconectado Nacional PESIN 2019 - 2033,Empresa de Transmisión Eléctrica (ETESA),2019,2019-2033,,,Energy & Electricity,TRUE,FALSE,TRUE,TRUE,FALSE,https://www.asep.gob.pa/wp-content/uploads/electricidad/consultas_publicas/2019/cp_012-2019/tomoII-plan_indicativo_generacion_2019-2033/tomoII-plan_indicativo_generacion_2019-2033.pdf
PAN_002,Panama,PAN,Central America,LT-LEDS,"National Strategy for Socio-Economic, Inclusive, Low Emission and Climate Resilient Development to the Year 2050",Ministry of Environment,2024,2020-2050,,As needed,"Energy, Electricity & Additional sectors",TRUE,TRUE,TRUE,TRUE,FALSE,https://unfccc.int/documents/639829
PER_001,Peru,PER,South America,LTES,Planificación de la transmisión 2019 - 2028,Comite de Operacion Economical del Sistema Interconectado Nacional (COES),2017,2019-2028,,,Electricity,FALSE,FALSE,TRUE,TRUE,FALSE,https://www.coes.org.pe/Portal/Planificacion/PlanTransmision/ActualizacionPTF
PHL_001,Philippines,PHL,Southeast Asia,LTES,Philippine Energy Plan 2023-2050,Department of Energy,2023,2023-2050,,As needed,"Energy, Electricity & Additional sectors",TRUE,TRUE,TRUE,TRUE,FALSE,https://doe.gov.ph/pep
PHL_002,Philippines,PHL,Southeast Asia,LTES,Philippine Energy Plan: Towards a Sustainable and Clean Energy Future,Department of Energy,2020,2020-2040,,As needed,"Energy, Electricity & Additional sectors",TRUE,TRUE,TRUE,TRUE,TRUE,
PHL_003,Philippines,PHL,Southeast Asia,LTES,Philippine Energy Plan,Department of Energy,2018,2018-2040,,,Energy & Electricity,TRUE,FALSE,TRUE,TRUE,TRUE,https://www.doe.gov.ph/sites/default/files/pdf/pep/pep-2018-2040-final.pdf
PLW_001,Palau,PLW,Pacific Islands,LTES,Master Plan for Upgrading of Electric Power Supply in the Republic of Palau,Ministry of Resources and Developmen,2008,2007-2025,,As needed,"Energy, Electricity & Additional sectors",TRUE,TRUE,TRUE,TRUE,FALSE,https://openjicareport.jica.go.jp/pdf/11892700.pdf
POL_001,Poland,POL,Western Europe,LTES,National Energy and Climate Plan,Ministry of State Assets (formerly Ministry of Energy),2024,2021-2030,10,10,"Energy, Electricity & Additional sectors",TRUE,TRUE,TRUE,TRUE,FALSE,https://energy.ec.europa.eu/system/files/2020-08/pl_final_necp_part_1_3_en_0.pdf
PRT_001,Portugal,PRT,Western Europe,LTES,National Energy and Climate Plan 2021-2030,Ministry of the Environment and Climate Change,2019,2021-2030,2,2,"Energy, Electricity & Additional sectors",TRUE,TRUE,TRUE,TRUE,FALSE,https://energy.ec.europa.eu/system/files/2020-06/pt_final_necp_main_en_0.pdf
PRT_002,Portugal,PRT,Western Europe,LT-LEDS,Roadmap for Carbon Neutrality 2050 (RNC2050),Portuguese Agency for the Environment,2019,2021-2050,10,10,"Energy, Electricity & Additional sectors",TRUE,TRUE,TRUE,TRUE,TRUE,https://descarbonizar2050.apambiente.pt/en/
PRY_001,Paraguay,PRY,South America,LTES,"Plan Maestro de Generación, Transmisión, Distribución y Telemática",Administración Nacional de Electricidad (ANDE),2016,2016-2025,,,Electricity,FALSE,FALSE,TRUE,TRUE,FALSE,https://www.ande.gov.py/documentos/plan_maestro/RP37590_Plan_Maestro_2016_2025.pdf
PRY_002,Paraguay,PRY,South America,LTES,Política Energética Nacional,Viceministerio de Minas y Energia,2016,2017-2040,,,Electricity,FALSE,FALSE,TRUE,TRUE,FALSE,http://euroclimaplus.org/intranet/_documentos/repositorio/Decreto%206092-2016-%20Politica%20energetica%20de%20la%20Republica%20del%20Paraguay.pdf
ROU_001,Romania,ROU,Southeast Europe,LTES,Integrated National Energy and Climate Plan,Ministry of Energy,2024,2025-2030,10,10,"Energy, Electricity & Additional sectors",TRUE,TRUE,TRUE,TRUE,FALSE,https://commission.europa.eu/document/download/75df0ac2-ecf9-4212-89ac-2a603bd43e36_en?filename=RO_FINAL%20UPDATED%20NECP%202021-2030%20%28English%29.pdf
RUS_001,Russia,RUS,Southeast Europe,LTES,Evolution of global energy markets and its implications for Russia,Energy Research Institute of the Russian Academy of Sciences (ERI RAS) and Analytical Center for the Government of the Russian Federation (ACRF),2015,2010-2040,,,Energy,TRUE,FALSE,FALSE,TRUE,FALSE,https://www.eriras.ru/files/evolyutsiya-mirovyh-energeticheskih-rynkov-i-ee-posledstviya-dlya-rossii.pdf
RUS_002,Russia,RUS,Southeast Europe,LT-LEDS,Strategy of socio-economic development of the Russian Federation with low greenhouse gas emissions until 2050,Ministry of Economic Development,2022,2020-2050,,,"Energy, Electricity & Additional sectors",TRUE,TRUE,TRUE,TRUE,FALSE,https://unfccc.int/sites/default/files/resource/Strategy%20of%20Socio-Economic%20Development%20of%20the%20Russian%20Federation%20with%20Low%20GHG%20Emissions%20EN.pdf
RUS_003,Russia,RUS,Southeast Europe,LTES,Energy Strategy of the Russian Federation for the period until 2035,Government of the Russian Federation / Ministry of Energy,2020,2020-2035,,,"Energy, Electricity & Additional sectors",TRUE,TRUE,TRUE,TRUE,FALSE,http://static.government.ru/media/files/w4sigFOiDjGVDYT4IgsApssm6mZRb7wx.pdf
RWA_001,Rwanda,RWA,Eastern Africa,LTES,Rwanda least cost power development plan (LCPDP) 2020-2040,Rwanda Energy Group (REG),2021,2019-2040,,,Electricity,FALSE,TRUE,TRUE,TRUE,FALSE,https://www.reg.rw/fileadmin/user_upload/Least_Cost_Power_Development_Plan_2020-2024.pdf
SDN_001,Sudan,SDN,North Africa,LTES,National Energy Efficiency Strategy for Sudan,Electricity Regulatory Authority,2021,2020-2050,,As needed,"Energy, Electricity & Additional sectors",TRUE,TRUE,FALSE,TRUE,FALSE,https://united4efficiency.org/wp-content/uploads/2022/02/Sudan-EE-Strategy.pdf
SEN_001,Senegal,SEN,West Africa,LTES,National Energy Efficiency Action Plan (PANEE),Ministry of Energy and Renewable Energy Development,2015,2015-2020/2030,,As needed,Electricity & Additional sectors,TRUE,FALSE,FALSE,TRUE,FALSE,https://www.pseau.org/outils/ouvrages/ecreee_plan_actions_national_d_efficacite_energetique_panee_senegal_2015_2020_2030_2015.pdf
SYC_001,Seychelles,SYC,Eastern Africa,LTES,Master Plan for Development of Micro Grid in Remote Islands,Seychelles Energy Commission,2016,2016-2030,,As needed,Electricity & Additional sectors,FALSE,TRUE,TRUE,TRUE,FALSE,https://openjicareport.jica.go.jp/pdf/12265039_01.pdf
SGP_001,Singapore,SGP,Southeast Asia,LTES,Charting The Energy Transition To 2050 - Energy 2050 Committee Report,Energy Market Authority,2022,2020-2050,,,"Energy, Electricity & Additional sectors",TRUE,TRUE,TRUE,TRUE,TRUE,https://www.ema.gov.sg/content/dam/corporate/resources/industry-reports/energy-2050-committee-report/EMA-Energy-2050-Committee-Report.pdf.coredownload.pdf
SLB_001,Solomon Islands,SLB,Pacific Islands,LT-LEDS,The Solomon Islands Long-Term Low Emissions Development Strategy (LEDS),"Ministry of Environment, Climate Change, Disaster Management and Meteorology",2023,2020-2050,,As needed,"Energy, Electricity & Additional sectors",TRUE,TRUE,TRUE,TRUE,FALSE,https://unfccc.int/documents/631515
SLV_001,El Salvador,SLV,Central America,LTES,Estudio Prospectiva Energética 2020-2035,Consejo Nacional de Energía (CNE),2020,2020-2035,2,2,Energy & Electricity,TRUE,TRUE,TRUE,TRUE,TRUE,
SLV_002,El Salvador,SLV,Central America,LTES,Energy Policy 2020-2050,National Energy Council,2020,2020-2050,5,5,"Energy, Electricity & Additional sectors",FALSE,TRUE,TRUE,TRUE,FALSE,https://cdn.climatepolicyradar.org/navigator/SLV/2020/2020-2050-national-energy-policy_0b3b3fff88e35984f0ab231c09730595.pdf
SMR_001,San Marino,SMR,Western Europe,LTES,National Energy Plan,Public Utilities and Energy Regulatory Authority,2018,2018-2021,4,4,"Energy, Electricity & Additional sectors",TRUE,TRUE,TRUE,TRUE,FALSE,https://www.autoritaenergia.sm/on-line/home/autorita/mission/pen/piano-energetico-nazionale.html
SLB_002,Solomon Islands,SLB,Pacific Islands,LTES,Renewable Energy Road Map in Solomon Islands,"Ministry of Mines, Energy and Rural Electrification / Japan International Cooperation Agency (JICA)",2021,2021-2030,,,Electricity,FALSE,TRUE,TRUE,TRUE,FALSE,https://prdrse4all.spc.int/sites/default/files/jica_final_report_for_rerm.pdf
SOM_001,Somalia,SOM,Eastern Africa,LTES,Power Master Plan,Ministry of Energy and Water Resources,2018,2017-2037,10,10,Electricity,FALSE,TRUE,TRUE,TRUE,FALSE,https://moewr.gov.so/wp-content/uploads/2020/07/Master_plan1.pdf
SRB_001,Serbia,SRB,Southeast Europe,LTES,Integrated National Energy and Climate Plan of the Republic of Serbia for the period 2030 with the projections up to 2050,Ministry of Mining and Energy,2024,2023-2050,4,4,"Energy, Electricity & Additional sectors",TRUE,TRUE,TRUE,TRUE,TRUE,https://www.energy-community.org/dam/jcr:ecb5431e-254c-4c80-9b95-48f1a6fb5ac5/INECP%20of%20the%20Republic%20of%20Serbia.pdf
SRB_002,Serbia,SRB,Southeast Europe,LT-LEDS,Low Carbon Development Strategy of The Republic of Serbia For The Period 2023- 2030 With Projections Until 2050,Ministry of Environmental Protection,2024,2020-2050,,As needed,"Energy, Electricity & Additional sectors",TRUE,FALSE,TRUE,TRUE,TRUE,https://unfccc.int/documents/636740
LKA_003,Sri Lanka,LKA,South Asia,LT-LEDS,Sri Lanka Prosperity Plan - Preliminary Report,"Ministry of Environment, Climate Change Secretariat",2022,2022-2050,,,"Energy, Electricity & Additional sectors",TRUE,TRUE,TRUE,TRUE,FALSE,https://unfccc.int/sites/default/files/resource/SriLanka_LTLEDS.pdf
STP_001,Sao Tome and Principe,STP,Central Africa,LTES,National Energy Efficiency Action Plan (NEEAP) of São Tomé and Príncipe,Ministry of Infrastructure and Natural Resources,2022,2021-2030/2050,,As needed,"Energy, Electricity & Additional sectors",TRUE,TRUE,TRUE,TRUE,FALSE,https://dgrne.org/sites/default/files/2022-06/120222%20NEEAP%20STP%20English_0.pdf
SVK_001,Slovakia,SVK,Southeast Europe,LTES,Integrated National Energy and Climate Plan for 2021 to 2030,Ministry of Economy,2019,2021-2030,2,2,"Energy, Electricity & Additional sectors",TRUE,TRUE,TRUE,TRUE,FALSE,https://energy.ec.europa.eu/system/files/2020-03/sk_final_necp_main_en_0.pdf
SVK_002,Slovakia,SVK,Southeast Europe,LT-LEDS,Low-Carbon Development Strategy of the Slovak Republic until 2030 with a View to 2050,Ministry of Economy,2020,2017-2050,5,5,"Energy, Electricity & Additional sectors",TRUE,TRUE,TRUE,TRUE,TRUE,https://unfccc.int/sites/default/files/resource/LTS%20SK%20eng.pdf
SVN_001,Slovenia,SVN,Southeast Europe,LT-LEDS,Slovenia's long-term climate strategy until 2050 (ReDPS50),National Assembly,2021,2021-2050,,,"Energy, Electricity & Additional sectors",TRUE,TRUE,TRUE,TRUE,TRUE,https://unfccc.int/sites/default/files/resource/LTS1_SLOVENIA_EN.pdf
SVN_002,Slovenia,SVN,Southeast Europe,LTES,Integrated National Energy and Climate Plan,Ministry of Infrastructure responsible for energy,2019,2020-2040,2,2,"Energy, Electricity & Additional sectors",TRUE,TRUE,TRUE,TRUE,FALSE,https://energy.ec.europa.eu/system/files/2020-06/si_final_necp_main_en_0.pdf
SVN_003,Slovenia,SVN,Southeast Europe,LT-LEDS,Resolution on Slovenia’s Long-Term Climate Strategy until 2050,Ministry of the Environment and Spatial Planning,2020,2018-2050,,,"Energy, Electricity & Additional sectors",TRUE,TRUE,TRUE,TRUE,TRUE,https://unfccc.int/sites/default/files/resource/LTS1_SLOVENIA_EN.pdf
SWE_001,Sweden,SWE,Western Europe,LTES,Updated National Energy and Climate Plan 2021-2030,Ministry of Climate and Enterprise,2024,2021-2030,10,10,"Energy, Electricity & Additional sectors",TRUE,TRUE,TRUE,TRUE,FALSE,https://commission.europa.eu/document/download/26d2c93e-641d-489f-a160-a7052fde58bb_en?filename=SE_FINAL%20UPDATED%20NECP%202021-2030%20%28English%29.pdf
SWE_002,Sweden,SWE,Western Europe,LT-LEDS,Sweden's long-term strategy for reducing greenhouse gas emissions,Ministry of the Environment,2020,2018-2050,5,5,"Energy, Electricity & Additional sectors",TRUE,TRUE,TRUE,TRUE,FALSE,https://unfccc.int/sites/default/files/resource/LTS1_Sweden.pdf
SWE_003,Sweden,SWE,Western Europe,LTES,Scenarios for Sweden's energy system in 2023 Focusing on electrification in 2050,Swedish Energy Agency,2023,2020-2050,2,2,"Energy, Electricity & Additional sectors",TRUE,TRUE,TRUE,TRUE,FALSE,https://www.energimyndigheten.se/49428c/globalassets/statistik/prognoser-och-scenarier/langsiktiga-scenarier/langsiktiga-scenarier-over-sveriges-energisystem-2023.pdf
SWZ_001,Eswatini,SWZ,Southern Africa,LTES,Kingdom of Eswatini Energy Masterplan 2034,Ministry of Natural Resources and Energy,2018,2015-2034,,,Energy & Electricity,TRUE,TRUE,TRUE,TRUE,FALSE,https://www.irena.org/events/2018/Oct/IRENA-Eswatini-Energy-Planning-Capacity-Building-Programme-Masterplan-2034-Launch
TCD_001,Chad,TCD,Central Africa,LTES,Masterplan for the Deployment of Renewables in Chad,Ministry of Petroleum and Energy,2018,2020-2030,,As needed,Electricity,FALSE,TRUE,TRUE,TRUE,FALSE,https://afri-res.uneca.org/sites/default/files/2023-07/master-plan-for-the-deployment-of-renewable-energies-in-chad_b8963d36ede599e05ab8ae04bf18eca4.pdf
THA_001,Thailand,THA,Southeast Asia,LT-LEDS,"Mid-century, Long-term Low Greenhouse Gas Emission Development Strategy",Ministry of Natural Resources and Environment,2021,2015-2065,5,5,"Energy, Electricity & Additional sectors",TRUE,TRUE,TRUE,TRUE,FALSE,https://unfccc.int/sites/default/files/resource/Thailand_LTS1.pdf
THA_002,Thailand,THA,Southeast Asia,LT-LEDS,Thailand's Long-term Low Greenhouse Gas Emission Development Strategy,"Office of Natural Resources and Environmental Policy and Planning, Ministry of Natural Resources and Environment",2022,2020-2065,,As needed,"Energy, Electricity & Additional sectors",TRUE,TRUE,TRUE,TRUE,FALSE,https://unfccc.int/sites/default/files/resource/Thailand%20LT-LEDS%20%28Revised%20Version%29_08Nov2022.pdf
THA_003,Thailand,THA,Southeast Asia,LTES,Thailand 20-Year Energy Efficiency Development Plan (2011 - 2030,Ministry of Energy,2011,2011-2030,,As needed,"Energy, Electricity & Additional sectors",TRUE,TRUE,TRUE,TRUE,FALSE,https://www.eppo.go.th/images/POLICY/ENG/EEDP_Eng.pdf
THA_004,Thailand,THA,Southeast Asia,LTES,Thailand Power Development Plan 2015-2036,Ministry of Energy,2015,2015-2036,,As needed,"Energy, Electricity & Additional sectors",TRUE,TRUE,TRUE,TRUE,FALSE,https://www.eppo.go.th/images/POLICY/ENG/PDP2015_Eng.pdf
TJK_001,Tajikistan,TJK,Central Asia,LTES,Energy Efficiency Master Plan for Tajikistan,Ministry of Energy and Water Resources,2011,2011-2020,,As needed,Energy,TRUE,TRUE,FALSE,TRUE,FALSE,https://www.undp.org/sites/g/files/zskgke326/files/migration/tj/UNDP_TJK_Energy_Efficiency_Master_Plan_for_Tajikistan_Eng.pdf
TLS_001,Timor Leste,TLS,Southeast Asia,LTES,Power Sector Development Plan for Timor Leste,"Ministry of Transport, Communications and Public Works",2004,2002-2025,,As needed,Electricity,FALSE,TRUE,TRUE,TRUE,FALSE,https://www.adb.org/sites/default/files/publication/29761/power-sector-plan-timor-leste.pdf
TON_001,Tonga,TON,Pacific Islands,LTES,Tonga Energy Roadmap 2021-2035 (TERM Plus),"Ministry of Meteorology, Energy, Information, Disaster Management, Environment, Climate Change and Communications (MEIDECC) (Department of Energy)",2024,2021-2035,5,5,"Energy, Electricity & Additional sectors",TRUE,TRUE,TRUE,TRUE,TRUE,https://gggi.org/report/term-plus-tonga-energy-road-map-2021-2035/
TON_002,Tonga,TON,Pacific Islands,LTES,Tonga Energy Efficiency Master Plan (TEEMP),National Renewable Energy Laboratory (NREL),2018,2020-2030,,As needed,"Energy, Electricity & Additional sectors",FALSE,TRUE,TRUE,TRUE,TRUE,https://www.ctc-n.org/system/files/dossier/3b/deliverable_3.3._final_teemp.pdf
TUN_001,Tunisia,TUN,North Africa,LT-LEDS,Stratégie de Développement Neutre en Carbone et Résilient aux Changements Climatiques à l’horizon 2050,Ministère de l’Environnement,2022,2030-2050,5,5,Additional sectors,FALSE,TRUE,FALSE,TRUE,FALSE,https://unfccc.int/sites/default/files/resource/Strat%C3%A9gie%20de%20d%C3%A9veloppement%20neutre%20en%20carbone%20et%20r%C3%A9silient%20-%20Tunisie.pdf
TUN_002,Tunisia,TUN,North Africa,LTES,Tunisia's Energy Strategy until 2035,"Ministry of Industry, Mines and Energy",2023,2023-2035,,As needed,"Energy, Electricity & Additional sectors",TRUE,FALSE,TRUE,TRUE,FALSE,https://www.energiemines.gov.tn/fileadmin/docs-u1/synth%C3%A8se_strat%C3%A9gie_2035.pdf
TUR_001,Türkiye,TUR,Southeast Europe,LTES,Türkiye National Energy Plan,Ministry of Energy and Natural Resources,2022,2020-2035,5,5,"Energy, Electricity & Additional sectors",TRUE,TRUE,TRUE,TRUE,FALSE,https://enerji.gov.tr/Media/Dizin/EIGM/tr/Raporlar/TUEP/T%C3%BCrkiye_National_Energy_Plan.pdf
TZA_001,Tanzania,TZA,Eastern Africa,LTES,Power System Master Plan 2020 Update,Ministry of Energy and Minerals,2020,2020-2044,,,Electricity & Additional sectors,FALSE,TRUE,TRUE,TRUE,FALSE,https://www.nishati.go.tz/uploads/documents/en-1638532283-PSMP%202020%20UPDATE%20FINAL%20signed.pdf
UGA_001,Uganda,UGA,Eastern Africa,LTES,The Least Cost Generation Plan,Electricity Regulatory Authority (ERA),2016,2016-2025,,,Electricity,FALSE,TRUE,TRUE,TRUE,FALSE,https://www.powerutilityleadership.com/wp-content/uploads/2018/03/Uganda_Future_Plans.pdf
UGA_002,Uganda,UGA,Eastern Africa,LTES,Grid Development Plan 2018-2040,Uganda Electricity Transmission Company LTD,2018,2018-2040,,,"Energy, Electricity & Additional sectors",FALSE,FALSE,FALSE,TRUE,FALSE,https://uetcl.go.ug/wp-content/uploads/2020/04/Grid-Development-Plan-2018-2040-UETCL.pdf
UKR_001,Ukraine,UKR,Southeast Europe,LT-LEDS,Ukraine 2050 Low Emission Development Strategy,Ministry for Ecology and Natural Resources,2017,2020-2050,5,5,"Energy, Electricity & Additional sectors",TRUE,TRUE,TRUE,TRUE,FALSE,https://unfccc.int/sites/default/files/resource/Ukraine_LEDS_en.pdf
UKR_002,Ukraine,UKR,Southeast Europe,LTES,National Energy and Climate Plan of Ukraine 2025-2030,Ministry of Economy,2024,2025-2030,,,"Energy, Electricity & Additional sectors",TRUE,TRUE,TRUE,TRUE,FALSE,https://me.gov.ua/view/8c2d13af-bd66-43d1-a13a-20c1c7d652a0
URY_001,Uruguay,URY,South America,LT-LEDS,Estrategia Climática De Largo Plazo De Para Un Desarrollo Bajo En Emisiones De Gases De Efecto Invernadero Y Resiliente Al Clima,Sistema Nacional de Respuesta al Cambio Climático y la Variabilidad (SNRCC),2021,2020-2050,,As needed,"Energy, Electricity & Additional sectors",TRUE,TRUE,TRUE,TRUE,FALSE,https://unfccc.int/sites/default/files/resource/URY_LTS_Dec2021.pdf
URY_002,Uruguay,URY,South America,LTES,Estudio de Demanda,Dirección Nacional de Energía,2014,2012-2035,,,Energy,TRUE,TRUE,FALSE,TRUE,FALSE,https://www.gub.uy/ministerio-industria-energia-mineria/sites/ministerio-industria-energia-mineria/files/documentos/publicaciones/Estudio%20de%20Demanda%20Escenarios.pdf
URY_003,Uruguay,URY,South America,LTES,Prospective study of energy demand to 2030,"Ministry of Industry, Energy and Minerals",2023,2023-2030,,As needed,"Energy, Electricity & Additional sectors",TRUE,TRUE,TRUE,TRUE,FALSE,https://www.gub.uy/ministerio-industria-energia-mineria/sites/ministerio-industria-energia-mineria/files/documentos/publicaciones/Proyecci%C3%B3n%20energ%C3%A9tica%20Nacional%202030_v2.pdf
USA_001,USA,USA,North America,LTES,Annual Energy Outlook 2022,Energy Information Administration,2022,2021-2050,,As needed,Energy & Electricity,TRUE,TRUE,TRUE,TRUE,TRUE,https://www.eia.gov/outlooks/aeo/pdf/AEO2022_ChartLibrary_full.pdf
USA_002,USA,USA,North America,LT-LEDS,The Long-Term Strategy of the United States Pathways to Net-Zero Greenhouse Gas Emissions by 2050,Department of State and the Executive Office of the President,2021,2021-2050,,"as appropriate, after progress assessments towards the goal","Energy, Electricity & Additional sectors",TRUE,TRUE,TRUE,TRUE,TRUE,https://www.whitehouse.gov/wp-content/uploads/2021/10/US-Long-Term-Strategy.pdf
USA_003,USA,USA,North America,LTES,Annual Energy Outlook 2025,Energy Information Administration,2025,2025-2050,1,1,"Energy, Electricity & Additional sectors",TRUE,TRUE,TRUE,TRUE,TRUE,https://www.eia.gov/outlooks/aeo/
UZB_001,Uzbekistan,UZB,Central Asia,LTES,The Road Map for the Power Sector Low-carbon Energy Transition,Ministry of Investments and Foreign Trade & Ministry of Energy,2020,2020-2050,,As needed,"Energy, Electricity & Additional sectors",FALSE,TRUE,TRUE,TRUE,FALSE,https://minenergy.uz/uploads/57c6df8d-6ec0-8362-504a-fb3162895df6_media_.pdf
VCT_001,St. Vincent and the Grenadines,VCT,Caribbean Islands,LTES,Energy Action Plan,Ministry of Energy,2010,2008-2024,2,2,"Energy, Electricity & Additional sectors",TRUE,FALSE,TRUE,TRUE,FALSE,https://www.gov.vc/images/PoliciesActsAndBills/SVGEnergyActionPlanSvgFirstEdition.pdf
VUT_001,Vanuatu,VUT,Pacific Islands,LT-LEDS,Vanuatu Low Emissions Development Strategy,"Ministry of Climate Change Adaptation, Meteorology and Geo-Hazards, Energy, Environment and National Disaster Management",2023,2020-2050,,As needed,"Energy, Electricity & Additional sectors",TRUE,TRUE,TRUE,TRUE,FALSE,https://unfccc.int/documents/628243
VUT_002,Vanuatu,VUT,Oceania,LTES,Updated Vanuatu National Energy Road Map 2016 - 2030,Ministry for Climate Change and Energy,2016,2016-2030,,As needed,"Energy, Electricity & Additional sectors",TRUE,TRUE,TRUE,TRUE,FALSE,https://www.nab.vu/sites/default/files/documents/NERM2016-30.compressed.pdf
YEM_001,Yemen,YEM,Middle East,LTES,National Strategy for Renewable Energy and Energy Efficiency,Ministry of Electricity and Energy & General Department for Renewable Energy,2009,2010-2025,,As needed,Electricity,FALSE,TRUE,TRUE,TRUE,FALSE,"https://rise.esmap.org/data/files/library/yemen,-rep./Energy%20Efficiency/Yemen_Renewable%20Energy%20&%20Energy%20Efficiency%20Strategy_2009.pdf"
ZAF_001,South Africa,ZAF,Southern Africa,LTES,Integrated Energy Plan,Department of Energy,2016,2015-2050,1,1,Energy & Electricity,TRUE,TRUE,TRUE,TRUE,FALSE,http://www.energy.gov.za/files/IEP/2016/Integrated-Energy-Plan-Report.pdf
ZAF_002,South Africa,ZAF,Southern Africa,LT-LEDS,South Africa's Low-Emission Development Strategy 2050,Department of Environmental Affairs,2020,2020-2050,5,5,"Energy, Electricity & Additional sectors",TRUE,TRUE,TRUE,TRUE,FALSE,https://unfccc.int/documents/253724
ZAF_003,South Africa,ZAF,Southern Africa,LTES,2012 Integrated Energy Planning Report,Department of Energy,2013,2010-2050,,,Energy,TRUE,TRUE,FALSE,TRUE,FALSE,http://www.energy.gov.za/files/IEP/IEP_Publications/Draft-2012-Integrated-Energy-Plan.pdf
ZAF_004,South Africa,ZAF,Southern Africa,LTES,Integrated Resource Plan for Electricity,Department of Energy,2019,2017-2050,,,Electricity,FALSE,TRUE,TRUE,FALSE,FALSE,https://www.gov.za/sites/default/files/gcis_document/201912/42784gon1360.pdf
ZAF_005,South Africa,ZAF,Southern Africa,LTES,Integrated Resource Plan for Electricity,Department of Energy,2019,2020-2050,5,5,Electricity,FALSE,TRUE,TRUE,TRUE,FALSE,https://www.gov.za/documents/notices/electricity-regulation-integrated-resource-plan-irp2019-october-2019-18-oct-2019
ZAF_006,South Africa,ZAF,Southern Africa,LTES,Integrated Resource Plan,Department of Mineral Resources & Energy,2024,2024-2050,,,Electricity,FALSE,TRUE,TRUE,TRUE,FALSE,https://www.dmre.gov.za/Portals/0/Energy_Website/IRP/2023/IRP%20Government%20Gazzette%202023.pdf
ZMB_001,Zambia,ZMB,Southern Africa,LTES,Integrated Resource Plan (IRP) for the electricity sector,Ministry of Energy,2024,2020-2050,,As needed,Electricity & Additional sectors,FALSE,TRUE,TRUE,TRUE,FALSE,https://www.moe.gov.zm/irp/
ZWE_001,Zimbabwe,ZWE,Southern Africa,LT-LEDS,Zimbabwe Long-term Low Greenhouse Gas Emission Development Strategy (2020-2050),"Climate Change Management Department in the Ministry of Environment, Climate, Tourism and Hospitality Industry (MECTHI)",2022,2020-2050,,,Energy & Additional sectors,TRUE,TRUE,FALSE,TRUE,FALSE,https://unfccc.int/sites/default/files/resource/Zimbabwe%20LEDS_08Nov2022.pdf
ZWE_002,Zimbabwe,ZWE,Southern Africa,LTES,System Development Plan,Zimbawe Electricity Transmission & Distribution Company,2017,2018-2038,,,Electricity,FALSE,TRUE,TRUE,TRUE,FALSE,https://rise.esmap.org/data/files/library/zimbabwe/Cross%20Cutting/CC%202.pdf
